"","X","country","pubbel1","pubbel2","pubbel3","pubbel4","othbel1","othbel2","pubact1","pubact2","priact1","priact2","iden1","iden2","iden3","sex","age","educ","wrkstat","ethnic","denom","marital"
"78732",78732,840,4,5,1,5,1,1,7,0,1,2,2,2,1,2,35,5,8,1400,53,6
"78733",78733,840,1,4,5,2,2,1,4,0,1,4,1,4,10,2,57,5,5,1400,62,1
"78734",78734,840,1,4,4,2,2,1,2,2,1,1,1,1,10,1,80,3,4,1400,62,1
"78735",78735,840,3,5,2,4,2,2,5,1,2,3,2,3,6,1,78,5,4,1400,62,1
"78736",78736,840,1,5,1,1,2,1,2,2,1,1,2,1,10,2,33,6,8,200,53,1
"78737",78737,840,4,5,1,5,1,4,7,0,2,4,2,4,4,1,28,5,1,1400,0,6
"78738",78738,840,2,2,2,4,2,1,6,1,1,1,1,1,10,2,75,5,4,1400,62,3
"78739",78739,840,3,1,1,5,2,1,7,0,1,2,1,2,10,2,36,5,5,1400,53,1
"78740",78740,840,2,4,4,4,2,1,5,0,1,3,3,3,8,1,60,3,3,1400,53,3
"78741",78741,840,1,4,-2,4,1,3,7,1,2,2,2,2,4,1,62,3,4,200,0,1
"78742",78742,840,1,2,2,2,2,3,1,2,1,3,1,1,10,1,71,5,4,1400,64,1
"78743",78743,840,3,5,1,5,2,1,7,0,1,2,1,2,10,2,71,6,4,1400,62,5
"78744",78744,840,2,4,1,4,2,2,2,2,1,1,1,2,10,1,79,5,4,1400,62,1
"78745",78745,840,-5,-5,-5,-5,2,-5,-5,0,-5,-5,-5,3,-5,1,82,3,4,8000,-5,1
"78746",78746,840,2,-5,-5,-5,2,-5,-5,2,-5,-5,-5,1,-5,2,62,5,5,1400,-5,1
"78747",78747,840,2,4,1,4,1,1,7,0,1,2,1,2,10,2,48,5,3,1400,0,1
"78748",78748,840,3,2,4,4,2,1,7,0,1,1,1,2,10,1,57,6,1,8000,62,5
"78749",78749,840,3,5,1,5,1,2,6,1,1,2,1,3,6,1,71,7,8,1400,62,3
"78750",78750,840,2,2,4,2,2,1,2,2,1,2,1,1,8,2,56,5,1,1400,62,1
"78751",78751,840,1,4,2,2,2,1,7,1,1,1,1,2,10,2,68,6,4,1400,62,1
"78752",78752,840,2,4,2,4,2,1,7,1,1,2,1,2,5,1,85,5,4,1400,62,1
"78753",78753,840,3,5,1,1,2,1,6,1,1,1,1,1,7,2,50,4,1,200,0,6
"78754",78754,840,1,4,4,2,2,10,7,1,1,1,1,1,10,2,41,5,1,200,0,1
"78755",78755,840,2,4,4,4,1,1,6,1,1,4,1,2,10,1,35,5,1,1250,64,1
"78756",78756,840,3,2,4,2,2,1,6,0,1,2,1,1,8,2,49,6,1,1400,53,1
"78757",78757,840,2,2,4,2,2,1,3,1,1,2,1,1,10,1,34,7,1,1400,52,1
"78758",78758,840,2,4,4,2,1,1,7,0,2,3,2,3,7,2,38,5,1,8000,62,1
"78759",78759,840,2,2,2,2,2,1,2,2,1,1,1,1,10,1,84,5,4,200,62,1
"78760",78760,840,2,4,4,4,2,1,4,2,1,2,1,2,7,2,44,5,1,1400,64,1
"78761",78761,840,2,-2,-2,-2,2,-2,6,0,1,2,1,2,8,2,22,4,8,1400,62,6
"78762",78762,840,3,4,4,4,2,5,6,1,2,3,3,4,6,1,25,6,8,8000,0,6
"78763",78763,840,1,4,1,4,2,1,2,2,1,1,1,1,8,1,81,5,4,1400,53,1
"78764",78764,840,4,4,1,4,2,1,1,2,1,1,1,1,10,2,62,7,5,1400,53,1
"78765",78765,840,2,2,2,2,2,5,5,0,2,2,1,3,5,1,28,7,1,1400,62,6
"78766",78766,840,2,4,4,2,2,1,6,1,1,3,1,2,7,1,71,6,3,1400,64,1
"78767",78767,840,1,1,2,1,2,1,4,2,1,2,1,1,10,1,21,4,1,200,53,6
"78768",78768,840,2,4,4,4,2,5,4,0,2,2,2,3,6,1,44,5,1,1400,0,4
"78769",78769,840,1,4,2,4,2,5,2,1,1,2,1,1,10,2,75,6,4,1400,64,5
"78770",78770,840,3,4,2,5,2,1,7,0,1,3,1,3,8,1,53,6,1,1400,64,6
"78771",78771,840,3,4,2,5,2,1,5,0,1,3,1,3,10,2,61,5,3,1400,0,1
"78772",78772,840,1,4,2,2,2,1,2,2,1,1,1,1,10,1,69,7,4,1400,64,1
"78773",78773,840,2,2,1,4,2,1,2,2,1,2,1,1,10,2,77,5,4,1400,64,5
"78774",78774,840,2,2,2,2,2,5,6,1,1,3,3,1,7,1,18,4,8,1400,12,6
"78775",78775,840,3,5,1,5,2,1,4,1,2,1,2,3,5,1,69,6,4,1400,42,1
"78776",78776,840,1,5,2,2,2,1,7,0,2,3,2,1,10,1,42,3,1,1250,64,1
"78777",78777,840,3,5,1,4,2,3,7,1,2,2,2,3,3,1,61,7,4,1400,64,1
"78778",78778,840,1,2,5,1,2,1,1,2,1,1,1,1,10,2,63,6,1,1400,62,3
"78779",78779,840,3,5,2,4,2,1,3,1,1,1,2,2,9,1,54,6,3,1400,53,1
"78780",78780,840,1,2,2,2,2,1,1,2,1,1,1,1,10,1,74,3,4,200,53,1
"78781",78781,840,1,1,4,1,2,1,1,2,1,1,1,1,10,1,83,6,4,1400,62,1
"78782",78782,840,1,4,5,1,2,1,2,2,1,2,1,1,10,2,69,5,4,1400,62,1
"78783",78783,840,2,2,2,2,2,2,7,0,1,3,2,2,8,1,50,5,1,1400,64,6
"78784",78784,840,2,5,1,5,2,1,6,1,1,3,1,3,6,1,73,5,4,1400,62,6
"78785",78785,840,2,4,4,5,2,1,4,0,2,3,2,2,8,1,76,5,4,1400,64,1
"78786",78786,840,3,4,2,4,2,2,3,1,2,2,2,2,8,1,38,7,1,1400,64,1
"78787",78787,840,2,4,4,4,2,2,7,0,1,1,1,2,10,2,44,4,5,1400,53,1
"78788",78788,840,1,1,4,2,2,1,1,2,1,1,1,1,10,1,49,5,1,200,62,1
"78789",78789,840,2,4,2,2,2,1,7,0,1,2,2,3,7,2,41,5,1,1400,62,3
"78790",78790,840,3,2,4,4,2,6,4,1,2,2,2,2,7,1,43,7,1,1400,62,6
"78791",78791,840,1,2,4,4,2,1,1,2,1,2,1,1,10,1,84,7,4,1400,62,5
"78792",78792,840,1,4,2,4,2,1,4,1,1,1,2,1,10,2,67,5,4,1400,62,1
"78793",78793,840,1,2,5,1,2,1,1,2,1,2,1,1,10,2,55,7,3,1400,62,1
"78794",78794,840,1,4,4,4,1,5,6,1,1,1,1,2,10,1,53,7,1,1250,64,3
"78795",78795,840,2,4,1,5,2,1,4,1,1,3,1,2,9,2,44,7,1,1400,62,6
"78796",78796,840,2,2,4,2,2,1,2,1,1,2,1,1,10,1,61,5,1,1400,62,1
"78797",78797,840,3,4,4,4,2,1,7,0,1,3,1,2,10,2,51,3,1,1400,53,1
"78798",78798,840,3,4,2,4,1,1,7,0,2,3,2,4,1,1,53,5,1,1250,0,6
"78799",78799,840,2,4,2,4,2,3,6,0,1,3,1,2,8,1,74,8,4,200,62,4
"78800",78800,840,1,-2,-2,-2,2,6,2,2,1,2,1,2,8,1,90,7,4,1400,62,1
"78801",78801,840,3,5,1,5,2,1,7,0,2,2,2,4,1,1,57,5,3,1250,0,1
"78802",78802,840,1,2,4,1,2,1,2,2,1,3,1,1,10,1,68,5,1,1400,62,1
"78803",78803,840,2,4,4,2,2,1,2,1,1,1,1,1,10,2,86,4,5,1400,64,1
"78804",78804,840,1,1,5,5,2,1,6,1,1,1,1,1,10,1,56,5,8,1400,0,5
"78805",78805,840,1,4,1,5,2,1,7,0,2,2,2,3,4,1,65,5,1,1400,0,3
"78806",78806,840,1,1,2,2,2,1,1,2,1,1,1,1,10,2,74,5,5,1400,62,1
"78807",78807,840,3,4,4,4,2,1,3,1,1,3,1,2,9,2,38,8,1,1400,64,1
"78808",78808,840,3,1,1,1,2,1,7,1,1,3,1,3,9,2,61,5,4,1400,62,1
"78809",78809,840,3,4,1,5,2,3,7,0,1,1,1,3,10,1,51,5,7,1400,0,3
"78810",78810,840,1,4,2,2,2,1,2,1,1,2,1,1,9,1,63,7,3,1400,64,1
"78811",78811,840,2,4,2,2,2,1,5,1,1,1,1,2,10,1,77,7,4,1400,62,1
"78812",78812,840,2,4,4,4,2,-2,3,1,1,1,2,2,10,1,34,5,1,200,53,6
"78813",78813,840,2,5,5,5,2,1,1,2,2,4,3,2,5,1,53,5,1,1250,64,1
"78814",78814,840,2,4,2,4,2,3,6,0,1,1,1,1,10,1,61,5,1,1400,62,1
"78815",78815,840,1,4,2,4,2,1,1,2,1,1,1,1,10,2,72,7,4,1400,64,4
"78816",78816,840,2,4,4,2,2,1,2,2,1,2,1,1,10,2,83,6,5,1400,62,1
"78817",78817,840,1,2,2,2,2,1,2,2,1,2,1,2,9,2,86,5,4,1400,62,5
"78818",78818,840,2,4,4,4,2,1,1,2,1,2,1,1,10,2,63,5,1,200,62,5
"78819",78819,840,1,-2,2,4,2,5,7,0,1,3,1,1,10,1,80,4,4,1250,0,5
"78820",78820,840,3,2,4,4,2,3,7,1,1,2,1,3,10,1,60,7,1,1400,0,1
"78821",78821,840,3,4,4,4,2,1,1,2,1,1,2,1,10,2,64,6,1,1400,62,3
"78822",78822,840,2,5,4,4,2,5,2,2,1,1,1,1,10,1,71,5,5,8000,62,1
"78823",78823,840,4,4,1,5,2,5,7,0,2,2,1,3,7,1,53,7,1,1400,0,1
"78824",78824,840,2,4,5,5,2,1,7,0,2,4,2,3,8,1,82,5,4,1400,62,5
"78825",78825,840,2,4,1,5,2,1,6,0,1,3,1,-2,10,1,72,6,4,1400,42,3
"78826",78826,840,2,2,5,1,1,3,4,1,1,2,1,2,10,1,57,7,1,1400,64,3
"78827",78827,840,3,5,4,5,2,1,4,1,2,2,2,2,6,1,77,5,4,1400,42,1
"78828",78828,840,4,5,1,5,2,1,7,0,1,3,2,3,8,1,69,5,1,8000,0,1
"78829",78829,840,1,1,1,1,2,1,6,1,1,1,1,3,10,1,56,6,3,1400,62,6
"78830",78830,840,2,5,5,4,2,1,2,2,1,1,1,1,10,1,48,8,1,200,62,1
"78831",78831,840,1,1,5,1,2,1,1,2,1,2,1,1,10,2,67,5,5,1400,53,1
"78832",78832,840,2,4,4,4,2,1,3,2,1,2,1,2,9,1,76,6,4,1400,62,1
"78833",78833,840,3,4,4,4,2,1,7,1,2,3,2,2,5,1,69,5,8,1400,62,5
"78834",78834,840,2,1,1,1,2,10,1,2,1,1,1,1,10,2,55,5,1,1400,52,3
"78835",78835,840,2,1,1,1,2,5,2,0,1,1,1,1,8,1,66,3,8,1400,0,1
"78836",78836,840,2,4,2,4,2,1,2,2,1,2,1,1,9,1,71,5,4,1400,62,1
"78837",78837,840,1,4,1,-2,2,1,2,2,1,1,2,1,8,1,73,7,4,1400,53,1
"78838",78838,840,3,4,1,5,1,1,7,0,2,1,2,4,5,1,55,6,1,1400,0,1
"78839",78839,840,1,4,2,4,1,5,6,0,1,1,2,1,10,1,56,5,4,1400,0,1
"78840",78840,840,1,4,4,4,2,8,2,2,2,2,1,1,9,1,91,6,4,1400,64,5
"78841",78841,840,2,5,4,4,2,3,2,0,1,3,1,1,10,1,87,8,4,1400,64,1
"78842",78842,840,1,4,5,2,2,1,2,2,1,2,1,1,10,2,69,5,4,1400,62,1
"78843",78843,840,1,2,2,2,2,6,3,1,1,2,1,2,10,2,51,5,1,1400,62,1
"78844",78844,840,1,2,4,2,2,3,2,2,1,2,1,1,10,1,78,5,4,1400,62,1
"78845",78845,840,2,2,2,2,2,1,2,1,1,2,1,1,9,2,87,4,5,1400,64,5
"78846",78846,840,1,2,2,2,2,1,3,1,1,1,1,2,10,1,74,8,4,1400,64,1
"78847",78847,840,1,4,2,2,2,1,6,1,1,2,1,1,10,2,61,6,1,1400,0,1
"78848",78848,840,1,1,4,2,2,5,2,2,1,1,1,1,10,1,28,8,1,1400,64,6
"78849",78849,840,1,1,4,1,2,1,1,2,1,1,1,1,10,1,62,5,8,1400,62,1
"78850",78850,840,3,4,1,4,2,1,6,1,1,1,1,1,10,2,52,4,8,1250,64,1
"78851",78851,840,2,1,1,1,2,1,6,1,1,1,1,1,10,2,73,4,4,1400,62,1
"78852",78852,840,2,4,2,2,2,2,2,2,1,2,1,1,10,1,44,7,1,1400,62,3
"78853",78853,840,2,4,5,4,2,1,7,0,1,4,1,3,7,1,61,6,4,1400,0,1
"78854",78854,840,2,4,2,4,1,1,6,0,1,2,1,1,10,1,45,4,1,1400,0,3
"78855",78855,840,1,5,2,1,2,1,2,2,1,3,1,1,10,1,81,3,4,1400,62,1
"78856",78856,840,3,4,5,2,2,1,7,0,1,2,2,1,10,1,68,7,4,1400,0,1
"78857",78857,840,1,4,4,4,2,6,6,1,1,1,2,1,10,2,42,4,8,1250,0,1
"78858",78858,840,4,5,1,5,2,1,7,0,1,2,2,4,1,2,34,5,3,1400,0,6
"78859",78859,840,4,5,1,5,1,3,7,0,2,2,2,3,2,1,47,6,1,1400,0,1
"78860",78860,840,3,4,1,5,1,3,7,0,1,3,2,4,9,2,50,6,1,1400,0,3
"78861",78861,840,2,5,4,2,2,1,1,2,1,2,1,1,10,2,49,7,5,1250,53,1
"78862",78862,840,4,5,1,5,1,1,7,0,2,1,3,4,1,1,75,7,4,8000,0,1
"78863",78863,840,2,4,4,4,2,1,5,1,1,1,1,2,10,1,71,6,4,1400,64,1
"78864",78864,840,2,4,1,4,2,1,7,0,1,2,1,1,10,2,64,6,4,1400,53,1
"78865",78865,840,2,4,4,2,2,1,3,2,1,3,1,1,10,1,76,5,4,1400,62,1
"78866",78866,840,2,5,1,4,2,1,4,0,2,2,1,2,8,2,52,7,1,8000,31,1
"78867",78867,840,1,4,2,4,2,4,2,2,1,3,1,2,10,1,60,6,4,1400,42,1
"78868",78868,840,1,2,2,2,2,1,1,2,2,1,1,1,6,2,21,4,1,200,53,6
"78869",78869,840,3,4,1,5,1,1,4,1,1,2,1,1,10,2,60,5,8,1400,64,1
"78870",78870,840,1,1,1,1,2,10,7,0,1,3,2,1,10,2,69,3,8,1400,0,3
"78871",78871,840,1,1,2,2,2,4,2,2,2,1,1,1,5,1,37,7,1,1400,64,1
"78872",78872,840,2,4,1,4,2,1,2,2,1,3,1,1,10,2,78,5,4,1400,62,5
"78873",78873,840,1,1,1,1,2,1,2,2,1,2,1,1,10,2,63,7,4,1400,62,1
"78874",78874,840,1,1,5,2,2,1,1,2,1,3,1,1,10,2,75,7,5,1400,62,5
"78875",78875,840,1,4,2,2,2,1,2,2,1,1,1,1,10,2,77,5,4,1400,64,1
"78876",78876,840,3,2,2,2,2,1,6,1,1,2,1,2,10,1,72,4,4,1400,64,1
"78877",78877,840,3,4,2,4,1,1,6,0,1,2,1,2,9,1,65,5,4,1400,64,3
"78878",78878,840,2,4,4,4,2,4,2,2,1,2,1,3,6,2,87,5,4,1400,62,5
"78879",78879,840,2,1,1,5,2,1,1,0,1,2,1,1,10,1,70,5,8,200,62,4
"78880",78880,840,4,4,4,5,2,1,7,0,2,3,2,4,1,2,65,5,1,1400,0,1
"78881",78881,840,3,-5,-5,-5,2,-5,7,0,1,2,1,2,8,2,64,5,4,1400,64,1
"78882",78882,840,3,4,4,4,2,5,6,0,1,2,2,2,10,2,85,3,4,1400,62,1
"78883",78883,840,2,4,5,4,2,1,7,0,1,4,2,4,4,2,56,5,8,1400,0,1
"78884",78884,840,4,1,1,5,2,1,7,0,1,1,1,2,10,2,51,7,1,1400,53,1
"78885",78885,840,2,5,1,1,2,1,7,0,2,1,2,4,2,1,67,5,4,1400,0,1
"78886",78886,840,2,4,5,2,2,1,2,1,2,3,1,2,10,2,77,4,4,1400,64,1
"78887",78887,840,2,2,4,2,2,1,6,0,1,1,1,1,10,1,54,4,1,1250,64,1
"78888",78888,840,2,1,2,1,2,1,6,1,1,1,1,2,9,2,84,5,4,1400,62,1
"78889",78889,840,4,5,1,5,1,1,7,0,2,2,3,4,1,1,63,5,4,1400,0,1
"78890",78890,840,1,4,4,4,2,1,2,2,1,2,1,2,10,1,77,5,4,1400,64,1
"78891",78891,840,3,5,2,4,2,1,7,0,2,3,2,2,5,1,55,4,3,1400,62,1
"78892",78892,840,3,4,2,2,2,1,7,0,1,3,1,2,10,1,65,5,4,1400,62,1
"78893",78893,840,2,1,5,1,2,1,6,1,1,1,1,1,10,1,36,5,1,8001,53,4
"78894",78894,840,4,1,4,1,2,1,1,2,1,1,1,1,10,1,47,4,8,1250,62,1
"78895",78895,840,2,5,2,4,2,4,7,0,1,2,1,2,10,2,43,5,1,1400,-2,1
"78896",78896,840,3,4,1,4,2,1,1,2,1,2,1,1,10,1,53,6,7,8001,53,6
"78897",78897,840,3,1,4,2,2,1,7,0,1,3,1,1,10,1,63,5,4,1400,62,1
"78898",78898,840,3,4,2,4,2,1,7,0,2,4,2,4,3,2,28,5,1,1400,0,6
"78899",78899,840,2,4,4,4,2,2,6,0,1,2,1,2,10,1,53,5,1,200,62,4
"78900",78900,840,2,4,2,4,2,3,6,0,1,1,1,2,10,1,36,6,1,200,0,4
"78901",78901,840,1,2,2,2,2,4,3,1,1,2,1,2,9,1,45,3,8,1250,-2,3
"78902",78902,840,3,5,2,5,2,4,7,0,1,2,2,3,5,2,55,6,4,1400,0,5
"78903",78903,840,1,4,2,2,2,1,7,0,2,2,1,2,8,1,79,4,4,1400,0,5
"78904",78904,840,1,4,5,2,2,1,1,2,1,1,1,1,10,2,82,6,5,1250,64,5
"78905",78905,840,2,2,2,2,2,1,2,2,1,3,2,2,7,2,41,5,1,1400,62,1
"78906",78906,840,1,1,2,1,2,1,1,2,1,3,1,1,10,2,69,5,1,1400,62,5
"78907",78907,840,1,4,4,5,2,1,3,2,1,1,1,1,10,1,60,5,4,200,62,1
"78908",78908,840,2,5,1,4,2,1,7,1,2,3,1,2,8,1,58,5,3,1400,62,1
"78909",78909,840,2,2,4,2,2,2,7,0,-2,1,1,2,10,2,71,4,4,1400,0,1
"78910",78910,840,3,4,1,5,2,1,7,0,1,2,1,1,10,2,57,6,4,1400,-2,1
"78911",78911,840,2,5,4,4,2,1,6,1,1,2,1,3,8,1,45,7,1,1400,64,1
"78912",78912,840,1,2,5,1,2,1,2,2,1,2,1,1,10,1,72,6,4,1400,62,1
"78913",78913,840,3,5,2,5,2,1,7,1,1,2,1,2,10,1,71,4,4,1400,64,1
"78914",78914,840,4,5,1,5,2,2,7,1,2,2,2,4,1,1,45,5,1,1400,0,1
"78915",78915,840,1,4,4,4,2,2,2,2,1,2,1,1,10,1,51,6,1,200,53,1
"78916",78916,840,2,2,4,1,2,1,1,2,1,3,1,1,10,2,42,4,5,1400,62,1
"78917",78917,840,3,5,1,5,1,1,7,0,2,3,1,3,4,1,54,7,1,1400,0,1
"78918",78918,840,3,4,4,4,2,1,6,1,1,2,1,1,10,1,65,8,8,1400,62,6
"78919",78919,840,3,4,4,2,2,1,7,0,1,3,1,3,7,2,54,7,1,1400,53,1
"78920",78920,840,3,5,1,5,2,3,7,1,2,4,2,4,2,1,64,5,4,1400,62,1
"78921",78921,840,2,4,2,4,2,1,7,0,1,3,1,2,9,2,64,5,4,1400,64,5
"78922",78922,840,1,4,4,5,2,1,3,1,1,1,1,1,10,1,79,3,8,1400,62,1
"78923",78923,840,1,2,4,4,2,3,2,2,1,1,1,1,10,1,75,7,4,8001,62,1
"78924",78924,840,3,4,1,4,2,1,7,0,1,2,1,2,9,1,64,7,4,1400,64,3
"78925",78925,840,2,2,4,2,1,5,2,1,1,2,1,1,9,1,69,7,4,1400,62,1
"78926",78926,840,1,1,2,1,2,5,6,2,1,1,1,1,5,1,40,4,1,1400,0,1
"78927",78927,840,3,4,1,4,2,1,6,0,2,3,2,3,7,1,25,5,1,1400,64,1
"78928",78928,840,1,4,2,4,2,1,3,1,1,2,1,2,9,1,87,5,4,1400,62,1
"78929",78929,840,1,1,5,1,2,1,2,2,1,1,1,1,10,1,54,7,8,1400,53,5
"78930",78930,840,3,5,2,4,2,3,7,0,2,3,1,2,8,1,50,9,1,1400,42,6
"78931",78931,840,1,4,5,1,1,1,-2,0,1,-2,1,1,10,2,41,3,3,1400,-2,1
"78932",78932,840,3,4,4,4,2,2,7,0,1,1,1,1,10,2,53,5,7,200,0,1
"78933",78933,840,4,4,4,2,2,1,7,0,2,2,1,2,9,1,63,5,3,1400,0,3
"78934",78934,840,3,2,4,4,2,1,4,1,1,1,1,2,10,2,63,3,4,1250,64,1
"78935",78935,840,3,4,4,4,2,1,7,0,1,1,1,2,10,1,72,6,4,1400,0,3
"78936",78936,840,2,2,2,2,2,1,2,2,1,2,1,1,10,1,71,8,4,1400,62,1
"78937",78937,840,1,1,4,2,2,1,4,2,1,1,1,1,10,1,84,5,4,1400,64,5
"78938",78938,840,2,4,4,4,2,1,4,2,1,3,1,1,8,1,83,6,4,8001,42,3
"78939",78939,840,1,2,2,2,2,1,2,2,1,3,1,1,10,2,72,5,1,1400,64,1
"78940",78940,840,2,2,4,2,2,1,2,2,1,2,1,1,9,1,42,6,3,8000,62,1
"78941",78941,840,4,5,1,5,2,1,4,1,1,2,2,3,5,1,53,6,1,1400,62,1
"78942",78942,840,2,4,4,5,2,1,3,2,1,2,1,2,10,1,79,7,4,1400,64,1
"78943",78943,840,2,4,4,4,2,2,6,0,1,3,1,2,10,2,66,5,4,1400,62,5
"78944",78944,840,3,4,4,4,2,2,7,0,1,2,2,3,5,1,57,5,1,1400,62,1
"78945",78945,840,3,4,2,5,2,1,7,0,1,2,1,1,10,1,53,5,7,1400,0,1
"78946",78946,840,4,1,1,1,2,1,6,0,2,3,2,4,1,1,76,6,4,1400,62,1
"78947",78947,840,1,2,4,2,2,1,2,2,1,2,1,1,9,2,72,5,5,1400,64,1
"78948",78948,840,1,2,4,1,2,2,1,2,1,1,1,1,10,2,85,6,4,1400,64,5
"78949",78949,840,2,4,4,5,2,1,7,0,1,2,1,3,8,1,50,5,8,1400,0,1
"78950",78950,840,2,4,4,5,2,2,1,2,1,1,1,1,10,1,43,8,1,1250,64,6
"78951",78951,840,2,-5,-5,-5,1,-5,-5,0,-5,-5,-5,3,-5,2,33,4,5,1400,-5,6
"78952",78952,840,2,4,5,1,1,1,2,0,2,2,1,2,7,2,57,4,4,1400,0,1
"78953",78953,840,2,2,2,2,2,5,6,0,1,3,1,1,10,1,65,5,4,1400,0,1
"78954",78954,840,3,4,4,4,2,1,7,0,1,3,1,3,7,2,29,7,1,1400,0,1
"78955",78955,840,2,4,4,2,2,2,3,2,1,2,1,2,10,1,49,4,1,1250,62,1
"78956",78956,840,1,4,4,4,2,1,2,1,1,1,1,1,10,2,53,7,8,1400,62,3
"78957",78957,840,2,2,4,2,2,2,2,0,1,2,1,2,10,2,63,6,1,1400,64,1
"78958",78958,840,2,4,2,4,2,3,5,1,1,3,2,3,5,2,35,5,3,1400,62,1
"78959",78959,840,1,1,5,1,2,1,6,1,1,2,1,1,10,1,48,5,8,1400,62,6
"78960",78960,840,2,4,1,2,2,1,2,2,1,3,1,1,10,2,73,8,4,1250,64,6
"78961",78961,840,1,1,1,1,2,1,1,2,1,1,1,1,10,1,70,5,4,1400,62,1
"78962",78962,840,1,2,5,1,1,1,1,1,1,1,1,1,10,1,50,5,1,1400,53,1
"78963",78963,840,1,4,2,4,1,1,5,0,1,2,1,2,8,1,75,5,1,1400,62,1
"78964",78964,840,1,5,-2,2,2,1,2,2,1,2,1,1,10,2,86,5,4,1400,64,1
"78965",78965,840,1,4,4,1,2,1,1,2,1,1,1,1,10,2,69,5,5,1400,62,1
"78966",78966,840,2,2,4,1,2,1,1,2,1,2,1,1,10,2,61,5,4,1400,53,1
"78967",78967,840,2,5,5,1,2,1,2,2,1,1,1,1,10,1,57,7,1,1400,64,1
"78968",78968,840,2,4,4,4,2,4,2,0,1,2,1,2,5,1,78,3,4,1400,64,1
"78969",78969,840,3,4,4,4,1,3,6,1,1,2,2,3,3,1,39,8,1,8000,0,6
"78970",78970,840,2,4,2,5,2,1,4,1,2,3,1,3,5,1,73,7,4,1400,64,1
"78971",78971,840,3,2,2,2,2,2,6,0,1,2,2,3,10,1,78,3,4,8000,0,4
"78972",78972,840,2,2,1,4,2,1,6,1,1,1,1,2,10,2,73,4,4,1400,53,5
"78973",78973,840,2,1,5,1,2,2,6,1,1,1,1,2,10,1,32,5,8,1400,62,6
"78974",78974,840,2,4,4,4,2,1,4,1,2,3,2,3,4,1,52,6,8,1400,62,3
"78975",78975,840,2,4,4,4,2,3,2,2,1,1,1,2,10,2,61,8,1,1400,64,1
"78976",78976,840,1,1,5,4,2,3,6,0,2,3,3,1,4,1,33,6,1,1250,53,6
"78977",78977,840,1,1,1,1,2,1,1,2,1,2,1,1,10,1,84,5,4,1400,62,1
"78978",78978,840,2,4,4,2,2,1,2,2,1,2,1,1,10,2,60,6,3,1400,62,1
"78979",78979,840,1,5,2,4,1,4,6,2,1,1,1,1,6,2,35,7,1,200,0,6
"78980",78980,840,1,5,2,4,1,1,7,0,1,2,2,3,8,1,68,4,4,1400,62,1
"78981",78981,840,3,4,2,4,1,4,7,0,1,2,1,3,9,1,25,5,1,1400,0,6
"78982",78982,840,3,4,1,2,2,1,7,0,1,3,1,3,8,1,62,8,4,1400,62,5
"78983",78983,840,1,2,4,2,2,1,2,2,1,1,1,1,10,2,65,5,4,1400,62,1
"78984",78984,840,1,4,4,4,2,9,1,2,1,1,1,1,10,1,42,7,1,200,62,1
"78985",78985,840,2,5,1,1,2,1,4,0,2,2,2,2,5,1,75,6,4,1400,42,1
"78986",78986,840,2,5,5,5,2,6,2,2,1,1,1,1,10,1,50,5,8,1400,0,1
"78987",78987,840,3,4,4,4,2,1,3,0,2,1,1,1,10,2,71,4,1,1400,0,5
"78988",78988,840,3,5,2,5,2,1,7,0,1,2,1,2,10,1,59,8,4,200,0,6
"78989",78989,840,3,4,4,4,2,2,7,0,1,2,2,2,4,1,33,4,1,1400,0,1
"78990",78990,840,2,1,2,1,2,1,1,2,1,1,1,1,10,1,38,7,1,1400,62,1
"78991",78991,840,2,4,4,4,2,3,6,1,1,3,1,3,7,1,50,4,8,1400,0,1
"78992",78992,840,3,5,1,4,2,1,7,1,1,2,1,2,9,1,65,8,4,1400,62,1
"78993",78993,840,1,4,1,4,1,1,7,0,2,3,2,3,1,1,62,4,3,1400,0,3
"78994",78994,840,2,2,5,2,2,1,2,1,1,2,1,1,10,1,70,7,4,1400,64,1
"78995",78995,840,3,4,5,1,2,1,2,0,1,2,1,2,10,2,61,6,5,1400,62,1
"78996",78996,840,2,4,2,2,2,3,7,0,-2,4,1,2,10,1,42,5,1,1400,0,3
"78997",78997,840,2,1,5,1,2,2,2,2,1,3,1,1,10,2,72,4,4,1400,62,5
"78998",78998,840,1,2,4,2,2,1,1,2,1,1,1,1,10,1,52,6,3,1400,62,3
"78999",78999,840,3,4,1,4,2,2,4,0,1,1,2,3,6,1,53,8,8,200,0,6
"79000",79000,840,2,4,1,4,2,1,4,1,1,2,1,2,9,2,29,7,3,1400,52,6
"79001",79001,840,1,1,5,1,2,1,1,2,1,1,2,1,10,1,38,7,3,1400,0,1
"79002",79002,840,2,4,2,2,2,2,2,1,1,3,1,1,10,1,48,3,1,1400,62,1
"79003",79003,840,2,2,4,4,2,1,3,2,1,3,1,1,10,2,47,5,1,1400,62,1
"79004",79004,840,4,5,5,1,2,1,4,0,2,1,1,4,5,1,54,6,1,1400,64,1
"79005",79005,840,3,4,4,4,2,1,7,0,1,1,2,2,8,1,61,4,8,1400,62,1
"79006",79006,840,2,4,1,4,2,1,3,2,1,2,1,2,10,2,32,4,5,1400,53,1
"79007",79007,840,3,5,1,1,2,1,7,0,2,3,2,4,1,1,58,7,4,1400,64,3
"79008",79008,840,3,5,1,5,2,1,3,1,2,3,2,4,1,1,36,8,1,1400,53,1
"79009",79009,840,3,4,1,4,2,1,6,1,1,3,1,2,10,2,44,5,8,1400,62,1
"79010",79010,840,2,1,2,4,2,1,6,1,1,2,1,2,9,1,70,5,4,1400,53,3
"79011",79011,840,2,1,2,2,2,3,6,0,1,3,1,3,10,1,56,7,1,1400,64,3
"79012",79012,840,3,5,1,5,1,1,7,0,2,2,2,3,1,2,77,3,4,1400,42,1
"79013",79013,840,3,5,1,4,2,1,7,1,1,2,1,2,8,2,71,6,4,1400,62,1
"79014",79014,840,-5,-5,-5,-5,-5,-5,-5,-5,-5,-5,-5,1,-5,2,36,3,1,1250,-5,1
"79015",79015,840,2,4,4,4,2,1,1,2,1,1,1,1,10,1,49,8,1,1400,53,1
"79016",79016,840,2,5,1,4,2,1,7,0,1,3,1,3,10,1,56,6,1,1400,0,1
"79017",79017,840,3,5,1,5,2,1,7,0,2,2,2,4,3,2,41,5,3,1400,0,3
"79018",79018,840,3,5,1,4,1,2,6,0,2,2,2,3,6,2,29,6,3,1400,0,6
"79019",79019,840,1,1,1,2,2,1,2,2,1,3,1,1,10,2,62,6,1,1400,62,1
"79020",79020,840,3,4,1,4,2,1,6,1,1,2,1,2,9,1,80,3,4,1400,62,1
"79021",79021,840,2,4,4,4,2,1,2,2,1,3,1,1,10,2,82,6,4,1400,62,5
"79022",79022,840,2,2,4,4,2,2,2,2,1,1,1,1,9,1,76,7,1,1400,62,1
"79023",79023,840,3,5,4,4,2,1,7,0,1,2,2,3,10,1,65,4,8,1400,0,1
"79024",79024,840,4,2,4,2,1,2,-2,0,1,3,1,4,8,2,53,5,1,1400,-2,3
"79025",79025,840,3,4,1,4,1,1,3,2,1,1,1,1,10,2,59,5,8,8001,53,3
"79026",79026,840,2,1,4,1,2,1,2,2,1,1,1,1,10,1,49,6,8,1400,64,6
"79027",79027,840,-2,-2,-2,-2,1,-2,-2,1,-2,-2,-2,-2,-2,1,29,6,1,200,-2,6
"79028",79028,840,1,4,2,4,2,1,4,1,1,2,1,1,10,1,26,5,3,1400,62,6
"79029",79029,840,1,2,2,2,2,1,2,2,1,3,1,1,10,1,74,6,4,1400,64,1
"79030",79030,840,2,4,1,5,2,7,6,0,1,2,1,3,7,1,36,5,1,1400,0,3
"79031",79031,840,1,4,4,4,2,1,2,2,1,3,1,1,10,1,91,3,4,1400,62,5
"79032",79032,840,2,2,4,2,2,1,6,0,1,2,1,2,10,1,66,5,1,8000,0,3
"79033",79033,840,1,2,2,4,2,5,4,1,1,1,1,1,5,1,23,5,1,1400,53,1
"79034",79034,840,1,1,2,2,2,1,2,2,1,2,1,1,10,1,74,4,4,200,62,3
"79035",79035,840,1,2,1,2,2,1,2,2,1,1,1,1,10,2,62,6,5,1400,62,1
"79036",79036,840,2,4,4,2,2,1,2,1,1,2,1,2,10,2,85,4,4,1400,62,1
"79037",79037,840,2,5,2,2,2,1,2,2,1,3,1,1,10,2,18,3,8,1400,62,6
"79038",79038,840,4,5,1,5,2,1,7,0,2,2,3,4,1,1,51,7,3,1400,0,3
"79039",79039,840,2,1,1,2,2,1,7,0,1,1,1,2,9,2,80,5,4,1400,62,5
"79040",79040,840,2,4,4,4,2,3,2,2,1,2,1,2,10,2,52,7,5,1400,64,1
"79041",79041,840,3,5,1,2,2,1,7,0,2,1,2,3,5,1,45,5,1,1400,0,3
"79042",79042,840,3,4,1,4,2,1,5,1,1,3,1,2,9,2,55,6,5,1400,64,1
"79043",79043,840,1,1,1,1,1,3,3,0,2,3,1,1,10,1,28,4,1,1250,64,1
"79044",79044,840,1,4,2,2,2,1,2,2,1,2,1,1,10,1,55,6,8,1400,53,1
"79045",79045,840,3,5,1,5,2,3,7,0,2,3,1,4,1,2,58,7,3,1400,0,1
"79046",79046,840,2,4,4,2,2,1,2,2,1,2,1,1,10,1,69,5,4,1400,64,1
"79047",79047,840,-2,1,1,2,2,-2,6,1,1,2,1,2,5,2,41,5,5,1400,53,1
"79048",79048,840,4,5,1,5,2,1,2,0,1,1,2,1,10,1,52,7,3,8001,53,5
"79049",79049,840,2,4,5,1,2,1,2,2,1,1,1,1,10,1,65,7,4,1400,62,3
"79050",79050,840,2,4,4,2,2,1,4,1,1,3,1,1,10,2,50,6,3,1400,53,1
"79051",79051,840,3,1,1,4,2,1,6,0,1,1,1,1,10,1,51,7,3,200,62,6
"79052",79052,840,2,4,4,1,2,1,3,2,1,2,1,1,10,1,48,7,1,1400,62,1
"79053",79053,840,2,5,1,4,2,1,4,1,1,4,1,3,10,1,66,5,4,1400,64,6
"79054",79054,840,-5,-5,-5,-5,2,-5,-5,0,-5,-5,-5,2,-5,1,51,5,1,1400,-5,6
"79055",79055,840,2,4,1,4,2,5,7,0,2,2,2,3,3,1,53,4,8,1400,0,3
"79056",79056,840,1,4,5,1,2,1,1,2,1,1,1,1,10,2,65,4,5,1400,64,1
"79057",79057,840,2,2,2,2,2,1,1,0,1,1,1,1,10,1,76,7,4,1400,62,5
"79058",79058,840,1,5,5,1,2,1,3,1,1,1,1,1,10,1,46,4,1,1400,53,1
"79059",79059,840,1,2,4,2,2,3,1,2,1,1,1,1,10,2,25,8,1,1400,62,1
"79060",79060,840,3,5,5,5,2,1,4,1,1,1,1,2,10,1,58,5,1,1250,64,6
"79061",79061,840,1,1,5,1,2,1,-2,1,1,2,1,2,10,1,77,5,4,1400,62,1
"79062",79062,840,1,1,1,2,2,8,2,2,1,3,1,1,10,2,75,4,4,1400,62,5
"79063",79063,840,-2,-2,-2,-2,2,-2,-2,1,-2,-2,-2,4,-2,1,19,4,8,1250,-2,6
"79064",79064,840,3,4,4,4,1,1,7,0,1,1,1,1,10,2,49,5,1,1250,64,1
"79065",79065,840,2,2,4,4,2,3,7,0,1,2,1,1,10,2,65,6,8,1400,64,3
"79066",79066,840,-5,-5,-5,-5,2,-5,-5,0,-5,-5,-5,4,-5,1,44,6,1,1400,-5,1
"79067",79067,840,3,4,1,2,2,1,7,1,1,3,1,1,10,1,52,5,1,1400,62,1
"79068",79068,840,2,4,1,4,2,6,6,1,1,4,1,2,10,1,52,6,1,200,62,6
"79069",79069,840,2,5,1,5,1,4,7,0,1,3,1,3,7,1,55,6,1,200,53,3
"79070",79070,840,3,2,1,4,2,1,7,0,1,2,2,3,9,2,67,4,4,1400,0,5
"79071",79071,840,3,2,1,4,2,5,7,0,1,2,1,2,9,1,43,7,1,1400,62,1
"79072",79072,840,1,2,1,1,2,1,2,2,1,4,1,1,10,1,29,6,1,1400,53,1
"79073",79073,840,4,4,2,5,1,10,7,0,1,2,1,3,10,1,53,5,8,1400,0,3
"79074",79074,840,4,2,4,4,2,6,7,0,1,1,2,1,7,1,31,9,3,1400,0,6
"79075",79075,840,1,1,5,1,2,1,2,2,1,2,1,1,10,2,65,5,4,1400,62,1
"79076",79076,840,4,4,2,5,1,3,7,0,1,1,2,4,7,2,59,6,3,1400,0,1
"79077",79077,840,1,4,5,2,2,1,3,2,1,3,1,2,10,1,40,7,1,1400,64,1
"79078",79078,840,3,4,2,5,2,1,7,1,1,2,2,3,7,1,64,6,8,1400,62,1
"79079",79079,840,2,4,2,4,2,2,2,2,1,1,1,2,10,1,35,7,1,8000,64,1
"79080",79080,840,1,2,1,2,2,3,2,2,1,2,1,1,10,2,20,4,1,1400,53,6
"79081",79081,840,2,4,5,2,2,1,3,2,1,2,1,1,10,2,73,6,4,1400,64,1
"79082",79082,840,2,4,2,4,2,1,2,2,1,2,1,1,10,1,36,7,1,1400,62,1
"79083",79083,840,2,4,5,2,2,1,2,2,1,1,1,1,10,2,38,5,5,1400,53,1
"79084",79084,840,2,4,4,4,2,1,7,0,1,2,2,3,8,2,56,7,1,8000,53,6
"79085",79085,840,1,4,4,4,2,1,1,2,1,1,1,1,10,2,36,8,5,1400,62,1
"79086",79086,840,1,4,4,1,2,1,2,2,1,1,1,1,10,2,19,4,1,1400,62,6
"79087",79087,840,2,2,4,2,2,6,3,0,1,2,1,3,7,1,48,7,3,1400,62,1
"79088",79088,840,2,4,1,4,1,1,2,2,1,2,1,1,10,2,61,5,4,1400,64,1
"79089",79089,840,2,5,1,4,2,1,3,2,1,1,1,1,10,2,32,8,8,1400,62,1
"79090",79090,840,2,5,1,5,2,1,5,1,1,2,2,2,6,1,32,8,1,1400,53,1
"79091",79091,840,1,2,2,2,2,1,1,2,1,1,1,1,10,2,65,8,4,200,62,5
"79092",79092,840,3,5,1,4,1,1,6,0,2,3,1,4,7,1,38,5,3,1400,62,1
"79093",79093,840,2,2,4,2,2,2,1,2,1,3,1,1,8,2,42,6,3,1250,53,1
"79094",79094,840,2,4,4,4,2,2,4,0,1,2,1,2,10,2,20,6,1,1400,64,6
"79095",79095,840,1,4,5,1,2,1,1,2,1,1,1,1,10,1,72,5,4,1400,62,1
"79096",79096,840,3,2,4,2,2,2,5,0,1,1,2,2,10,2,38,8,3,1250,0,6
"79097",79097,840,1,4,4,4,2,5,7,0,1,3,2,4,8,2,20,4,7,1400,0,6
"79098",79098,840,4,5,2,5,2,1,7,0,1,2,3,4,1,1,44,7,1,1400,0,1
"79099",79099,840,2,1,5,2,2,1,2,2,1,1,1,1,10,2,55,6,1,1400,62,1
"79100",79100,840,2,5,1,4,1,5,5,0,1,3,2,3,2,2,19,4,7,1400,0,6
"79101",79101,840,2,1,4,2,2,1,3,1,1,2,1,1,10,2,72,4,4,1400,62,1
"79102",79102,840,1,4,4,4,2,1,3,2,2,3,1,2,7,1,49,6,1,1400,62,3
"79103",79103,840,3,5,1,5,1,1,7,0,2,2,2,3,8,1,35,5,1,1400,62,6
"79104",79104,840,3,5,1,5,2,6,7,0,2,4,2,4,1,1,35,7,1,1400,0,1
"79105",79105,840,3,5,2,4,2,1,3,2,1,1,1,2,10,1,34,9,1,1250,64,1
"79106",79106,840,3,5,5,5,1,3,6,0,1,3,2,3,2,1,74,8,4,1400,53,1
"79107",79107,840,3,4,4,4,2,1,6,0,1,1,1,2,8,2,20,4,8,1400,62,1
"79108",79108,840,4,4,1,5,2,1,3,0,1,1,1,3,8,1,38,7,1,1400,12,1
"79109",79109,840,3,5,1,5,1,1,7,0,1,3,2,3,8,2,50,8,4,1400,0,3
"79110",79110,840,2,4,2,4,2,2,2,2,1,2,1,2,5,2,41,7,1,1400,64,6
"79111",79111,840,1,2,5,1,2,2,2,2,1,2,1,1,10,1,27,6,1,8001,53,1
"79112",79112,840,-5,-5,-5,-5,2,-5,-5,0,-5,-5,-5,4,-5,1,57,8,8,1400,-5,6
"79113",79113,840,1,4,2,2,2,1,6,1,1,1,1,1,10,2,63,5,3,1400,62,3
"79114",79114,840,2,2,4,2,2,1,2,2,1,2,1,1,10,2,52,5,2,1250,64,1
"79115",79115,840,2,2,5,4,2,1,4,1,1,1,1,2,6,1,19,4,7,1250,0,6
"79116",79116,840,3,5,4,4,2,1,2,1,2,3,2,3,2,1,29,6,1,1400,64,1
"79117",79117,840,3,4,4,5,1,1,7,0,1,2,2,2,8,2,26,7,7,200,0,1
"79118",79118,840,3,5,1,4,1,3,4,0,1,2,1,2,10,2,52,7,3,1400,0,3
"79119",79119,840,2,4,5,2,2,1,7,1,1,1,1,1,10,2,64,7,2,1400,62,3
"79120",79120,840,2,4,4,4,2,3,4,1,1,2,2,3,10,2,40,5,1,1250,64,6
"79121",79121,840,2,4,2,4,2,2,3,1,1,2,1,2,8,2,52,7,1,1250,42,1
"79122",79122,840,1,1,5,1,2,1,3,2,1,2,1,1,10,2,28,6,5,1400,64,1
"79123",79123,840,-5,-5,-5,-5,-5,-5,-5,-5,-5,-5,-5,2,-5,1,55,6,8,8001,-5,1
"79124",79124,840,2,1,4,2,2,3,4,1,1,3,1,2,10,1,66,7,4,1400,64,1
"79125",79125,840,1,4,4,4,2,1,2,2,1,2,1,1,10,2,41,7,1,1400,64,1
"79126",79126,840,2,4,2,4,2,6,3,2,1,3,1,2,9,2,59,6,1,1400,62,3
"79127",79127,840,3,5,4,4,2,1,7,0,1,2,2,3,7,1,34,8,1,1400,0,1
"79128",79128,840,1,4,2,4,2,1,6,1,1,2,1,2,10,2,24,5,1,1400,0,1
"79129",79129,840,1,1,4,4,1,5,5,1,1,1,1,1,10,2,46,4,1,200,-2,6
"79130",79130,840,3,4,4,4,2,2,5,0,1,2,1,3,8,2,39,7,1,1400,0,6
"79131",79131,840,3,1,1,1,2,1,4,1,1,2,1,3,9,1,54,7,1,1400,64,3
"79132",79132,840,1,4,4,1,2,1,2,2,1,1,1,1,10,2,68,5,4,1400,62,1
"79133",79133,840,2,4,4,2,1,2,6,0,1,2,1,2,9,1,69,5,1,1400,62,1
"79134",79134,840,2,1,5,1,2,1,2,2,1,2,1,1,10,2,36,7,1,1400,53,1
"79135",79135,840,2,5,2,4,2,2,3,1,1,1,1,2,9,2,67,7,1,1400,0,1
"79136",79136,840,2,1,4,1,2,1,1,2,1,2,1,1,10,1,67,7,4,1400,62,1
"79137",79137,840,2,4,2,2,2,6,2,2,1,3,1,2,9,1,45,6,3,1400,64,1
"79138",79138,840,2,4,4,4,2,1,1,2,1,1,1,1,10,2,57,6,3,1400,62,1
"79139",79139,840,4,5,1,4,2,1,1,2,1,1,1,1,10,1,38,5,3,1400,53,1
"79140",79140,840,3,5,1,5,2,1,2,2,2,3,2,4,1,2,41,7,3,1400,53,1
"79141",79141,840,2,4,4,4,2,2,7,0,2,2,2,3,4,2,46,5,1,8001,64,6
"79142",79142,840,2,1,1,1,2,1,3,2,1,2,1,2,10,2,43,5,3,1400,64,1
"79143",79143,840,2,4,2,4,2,1,7,1,1,2,1,2,10,2,55,6,1,1400,62,3
"79144",79144,840,3,4,4,4,1,6,7,1,2,2,2,1,6,2,19,4,1,8001,62,6
"79145",79145,840,2,5,2,4,2,1,3,2,1,2,1,2,9,1,47,8,1,1400,62,1
"79146",79146,840,4,5,1,5,2,5,7,0,2,2,3,4,1,1,18,4,7,1400,0,6
"79147",79147,840,3,5,1,5,2,1,5,0,2,1,2,4,2,2,43,8,1,1400,62,5
"79148",79148,840,2,1,4,2,2,1,1,2,1,1,1,1,10,1,38,7,1,1400,62,6
"79149",79149,840,-5,-5,-5,-5,-5,-5,-5,-2,-5,-5,-5,1,-5,2,78,4,4,1400,-5,3
"79150",79150,840,2,4,5,2,2,1,1,2,1,1,2,1,10,1,53,5,1,1400,0,1
"79151",79151,840,3,5,1,5,1,1,7,0,2,3,2,4,2,2,28,5,1,1400,0,1
"79152",79152,840,-5,-5,-5,-5,-5,-5,-5,2,-5,-5,-5,2,-5,2,24,4,8,200,-5,6
"79153",79153,840,1,4,5,2,2,1,1,2,1,2,1,1,10,2,43,6,1,1400,53,6
"79154",79154,840,3,5,2,5,2,3,6,0,2,3,1,-2,3,1,53,5,3,1400,0,1
"79155",79155,840,2,4,2,4,2,1,7,0,1,2,2,3,3,2,27,7,1,1400,62,6
"79156",79156,840,2,4,4,4,2,2,6,1,1,2,2,3,6,2,18,6,1,1400,0,6
"79157",79157,840,2,5,1,4,2,1,7,0,1,1,1,1,10,2,55,7,7,1400,64,3
"79158",79158,840,3,2,2,2,2,5,1,2,1,1,1,1,10,2,22,5,3,1400,53,6
"79159",79159,840,2,2,2,1,2,1,1,2,1,2,1,1,10,2,52,7,1,1400,62,1
"79160",79160,840,1,4,1,2,2,8,4,0,1,2,1,1,10,2,47,6,1,1400,-2,1
"79161",79161,840,4,4,5,5,2,6,7,0,2,1,2,4,1,2,40,8,1,200,0,6
"79162",79162,840,2,5,2,2,2,1,2,2,1,1,1,1,10,2,32,7,5,1400,62,1
"79163",79163,840,1,2,4,2,2,1,1,2,1,2,1,1,10,1,58,8,3,1400,62,1
"79164",79164,840,2,4,4,5,2,1,5,0,1,2,2,3,10,2,48,8,1,8001,0,1
"79165",79165,840,3,4,2,5,2,3,7,0,2,2,1,3,4,2,32,5,1,1400,0,4
"79166",79166,840,2,5,4,4,2,1,7,0,1,2,1,3,8,2,51,6,5,8001,0,1
"79167",79167,840,3,4,1,4,2,1,7,0,1,2,1,3,9,2,50,7,4,200,0,3
"79168",79168,840,3,4,1,5,2,1,3,1,1,2,1,3,9,1,42,7,1,1400,64,1
"79169",79169,840,4,-5,-5,-5,2,-5,-5,0,-5,-5,-5,3,-5,2,25,7,1,1400,-5,6
"79170",79170,840,3,5,4,5,2,1,4,1,2,2,1,2,7,1,28,7,1,8001,62,1
"79171",79171,840,3,5,1,5,2,3,2,1,1,4,1,2,8,1,26,8,8,1400,64,6
"79172",79172,840,2,4,2,5,2,1,6,0,1,1,1,2,10,1,56,6,1,1400,0,1
"79173",79173,840,2,1,5,1,2,1,3,1,1,3,1,2,10,2,49,4,1,1400,62,6
"79174",79174,840,3,4,4,4,2,1,4,1,2,2,1,2,8,1,64,8,4,1400,0,1
"79175",79175,840,3,4,5,1,2,2,6,1,1,2,1,1,10,1,52,8,1,1400,0,1
"79176",79176,840,2,4,2,2,2,1,2,2,1,1,1,1,10,2,27,7,1,1400,53,6
"79177",79177,840,2,4,4,4,1,6,7,1,1,3,1,1,6,1,22,5,7,1250,64,6
"79178",79178,840,3,5,1,5,2,1,7,0,1,2,2,3,6,2,27,7,1,1400,0,1
"79179",79179,840,3,5,4,4,2,1,7,0,1,2,2,3,1,2,72,7,4,1400,0,3
"79180",79180,840,2,5,2,4,2,2,2,2,1,1,1,1,6,2,61,8,1,1400,42,1
"79181",79181,840,2,5,4,2,2,2,7,0,1,1,1,3,6,2,33,5,1,1400,0,1
"79182",79182,840,2,2,4,2,2,5,2,2,1,2,1,1,10,2,29,8,1,200,62,1
"79183",79183,840,4,4,1,4,2,1,7,0,1,1,2,4,1,2,39,5,5,1400,0,1
"79184",79184,840,2,4,2,4,2,1,3,1,2,2,2,2,4,2,24,7,8,1400,62,6
"79185",79185,840,1,2,4,1,2,1,6,1,1,1,1,1,10,1,38,7,1,1400,62,3
"79186",79186,840,1,1,5,2,2,1,2,2,1,2,1,1,10,1,65,6,4,1400,62,1
"79187",79187,840,2,4,4,4,2,1,4,1,1,3,2,2,6,2,39,7,1,1400,62,1
"79188",79188,840,1,2,4,2,2,2,3,2,1,2,1,2,9,2,24,7,1,1400,64,1
"79189",79189,840,1,2,4,2,2,1,2,2,1,3,1,2,10,2,57,7,1,1400,53,1
"79190",79190,840,2,2,2,2,2,5,5,1,2,3,1,2,10,1,43,7,1,1400,62,1
"79191",79191,840,2,4,4,4,2,2,4,0,1,2,1,3,8,2,26,5,1,1400,0,6
"79192",79192,840,1,4,5,2,2,1,1,2,1,1,2,1,10,1,40,6,1,1400,53,1
"79193",79193,840,2,4,4,4,2,1,3,2,1,2,1,2,8,1,52,7,1,1400,64,3
"79194",79194,840,2,4,4,4,2,5,6,0,2,2,2,3,5,1,25,7,8,8000,0,6
"79195",79195,840,3,2,4,5,2,1,7,0,2,2,2,3,1,1,52,8,1,8000,62,6
"79196",79196,840,2,-5,-5,-5,2,-5,-5,2,-5,-5,-5,1,-5,2,36,8,1,200,-5,6
"79197",79197,840,4,5,1,4,2,1,4,0,2,2,2,4,2,1,35,7,1,1400,64,1
"79198",79198,840,1,5,4,4,2,1,7,0,1,4,2,1,10,2,26,5,5,1400,53,1
"79199",79199,840,2,4,2,4,2,3,7,1,2,3,2,-2,4,1,57,6,8,200,62,1
"79200",79200,840,1,5,5,2,2,1,2,2,1,3,1,1,10,2,25,7,1,1400,53,1
"79201",79201,840,1,2,4,2,2,2,2,2,1,1,1,1,10,2,26,5,8,1400,62,6
"79202",79202,840,3,5,1,5,2,2,4,1,1,1,1,3,10,2,26,8,1,1400,62,6
"79203",79203,840,2,1,5,4,2,3,1,2,2,3,1,1,5,2,34,5,1,1400,53,1
"79204",79204,840,2,2,4,1,2,6,1,2,1,1,1,1,7,1,28,7,1,1400,53,1
"79205",79205,840,3,5,1,5,1,1,7,0,1,1,2,4,5,2,53,4,4,1400,53,1
"79206",79206,840,1,1,5,1,2,1,1,2,1,2,1,1,10,2,63,5,4,1400,62,1
"79207",79207,840,2,-2,-2,-2,2,-2,3,1,1,2,1,2,10,2,29,7,7,1250,64,6
"79208",79208,840,3,5,4,4,2,2,7,0,2,1,2,3,1,1,54,8,1,1400,0,1
"79209",79209,840,1,4,1,4,2,1,2,2,1,2,1,1,10,2,69,6,4,1400,62,1
"79210",79210,840,2,4,2,4,2,1,2,2,1,2,1,1,10,2,65,5,1,1400,62,1
"79211",79211,840,3,5,4,5,2,4,3,1,1,1,2,2,3,2,54,8,3,1400,53,6
"79212",79212,840,2,2,4,2,2,1,2,2,1,1,1,1,10,2,51,7,1,1400,62,1
"79213",79213,840,4,5,1,5,2,1,7,0,2,2,2,3,1,1,38,6,1,1400,53,6
"79214",79214,840,1,2,5,4,2,2,4,2,1,1,1,2,10,1,54,5,3,1400,62,1
"79215",79215,840,1,4,4,2,2,1,1,2,1,1,1,1,10,2,60,6,1,1400,62,1
"79216",79216,840,1,4,4,4,2,5,6,0,1,2,1,1,8,1,45,5,1,1400,0,1
"79217",79217,840,2,2,5,4,2,2,2,2,1,2,1,1,10,2,62,7,1,1250,62,1
"79218",79218,840,3,4,4,4,2,5,6,2,1,2,1,2,5,2,54,5,8,1400,64,5
"79219",79219,840,3,5,2,4,2,1,6,0,1,1,1,3,5,1,47,5,8,1400,0,1
"79220",79220,840,2,4,4,4,1,2,3,2,1,2,1,3,7,1,31,6,1,1400,62,1
"79221",79221,840,2,4,2,2,2,1,2,2,1,2,1,2,10,2,24,7,1,8001,62,6
"79222",79222,840,2,4,2,5,2,5,7,1,2,1,1,1,7,2,56,5,5,8001,62,1
"79223",79223,840,3,4,4,4,2,1,3,-2,1,1,1,1,10,1,58,6,4,200,-2,3
"79224",79224,840,2,5,2,5,2,2,1,2,1,1,1,1,10,2,48,9,1,1400,64,6
"79225",79225,840,2,5,1,2,1,1,7,1,2,2,2,3,4,2,61,4,5,1400,64,1
"79226",79226,840,1,2,5,1,2,1,1,2,1,1,1,1,10,2,67,8,4,1400,62,1
"79227",79227,840,2,4,4,2,2,1,1,2,1,2,1,2,10,1,65,7,4,1400,64,1
"79228",79228,840,3,2,1,4,2,1,2,2,1,1,1,1,10,2,47,7,1,1250,62,1
"79229",79229,840,4,5,1,4,2,1,7,0,1,2,1,4,10,1,76,5,3,1400,0,3
"79230",79230,840,4,2,1,5,2,1,7,0,1,2,2,4,10,1,44,7,1,8001,53,1
"79231",79231,840,1,4,5,1,2,1,1,2,1,2,1,1,10,1,43,5,3,1400,62,1
"79232",79232,840,3,4,4,4,2,2,1,2,1,1,1,1,10,2,26,7,1,1400,53,6
"79233",79233,840,2,4,5,4,2,1,7,0,1,2,1,2,10,1,76,5,4,1400,0,1
"79234",79234,840,2,4,1,4,2,1,3,2,1,2,1,2,9,1,65,5,4,1400,62,1
"79235",79235,840,2,4,1,5,2,1,7,1,1,2,1,2,9,2,59,7,1,1400,62,1
"79236",79236,840,4,4,1,1,2,1,7,0,1,3,1,1,10,2,47,5,3,1400,0,1
"79237",79237,840,1,4,5,1,2,1,2,1,1,2,1,1,10,2,20,6,1,1400,53,6
"79238",79238,840,3,4,2,4,2,1,4,1,1,1,1,2,10,2,34,6,1,1250,64,1
"79239",79239,840,4,2,5,1,2,1,7,0,1,3,1,2,6,2,61,5,5,1400,64,1
"79240",79240,840,2,4,5,5,2,1,2,2,1,3,1,1,10,1,33,7,1,1400,62,1
"79241",79241,840,3,4,1,4,1,3,3,2,1,1,2,2,9,2,73,7,4,1400,62,3
"79242",79242,840,1,4,4,4,2,4,1,2,1,2,1,1,10,2,52,5,8,200,62,4
"79243",79243,840,3,2,2,5,2,4,7,0,1,2,2,3,9,1,44,6,1,1400,62,1
"79244",79244,840,3,1,1,1,2,1,7,1,1,1,1,1,10,2,77,8,4,1400,62,3
"79245",79245,840,4,-2,-2,-2,1,-2,7,0,2,3,3,4,1,1,22,5,1,1400,0,6
"79246",79246,840,3,4,1,5,2,5,7,0,2,4,2,4,1,2,47,6,1,1400,64,4
"79247",79247,840,-5,-5,-5,-5,2,-5,-5,2,-5,-5,-5,1,-5,1,64,8,4,1400,-5,1
"79248",79248,840,2,2,5,2,2,1,2,2,1,2,1,2,10,2,22,6,3,1400,53,6
"79249",79249,840,2,4,2,2,2,1,2,2,1,1,1,1,9,2,73,5,8,200,53,3
"79250",79250,840,1,2,4,2,2,1,3,1,1,2,1,2,10,2,44,7,1,1400,62,1
"79251",79251,840,4,5,2,5,2,3,7,0,2,3,3,4,1,1,33,6,1,1250,0,1
"79252",79252,840,4,2,4,4,2,3,1,2,1,1,1,1,10,2,18,6,8,8000,49,6
"79253",79253,840,3,4,4,4,2,-2,5,0,1,2,1,1,10,1,48,7,1,1250,62,1
"79254",79254,840,1,4,5,2,2,5,4,0,1,1,1,2,10,2,27,4,1,1400,53,6
"79255",79255,840,3,1,1,1,2,1,6,0,1,2,1,1,10,2,50,6,1,200,0,1
"79256",79256,840,3,4,1,4,2,2,7,0,1,1,1,3,9,2,34,7,1,1400,0,6
"79257",79257,840,2,2,2,2,2,1,6,0,1,3,1,2,6,1,36,6,7,8001,0,1
"79258",79258,840,4,5,1,5,2,2,7,0,2,2,3,4,1,2,30,6,1,1400,0,1
"79259",79259,840,2,4,2,4,2,1,2,2,2,2,1,2,9,2,67,5,4,1400,64,3
"79260",79260,840,2,4,4,4,2,1,3,2,1,1,1,1,10,1,20,4,1,200,0,6
"79261",79261,840,3,5,2,4,2,1,6,0,1,2,2,3,6,2,43,7,1,1400,0,1
"79262",79262,840,2,4,1,4,2,5,1,2,1,2,1,1,10,1,50,5,8,1400,53,6
"79263",79263,840,2,4,1,5,2,1,2,2,1,2,1,1,10,2,30,6,5,1400,53,1
"79264",79264,840,3,4,2,4,1,2,7,1,1,2,2,3,8,1,59,8,1,1400,62,6
"79265",79265,840,1,1,5,1,2,1,2,1,1,1,1,1,10,2,29,5,7,1250,53,1
"79266",79266,840,4,5,1,5,1,6,7,0,1,3,3,4,1,1,37,7,1,1400,0,1
"79267",79267,840,3,4,4,4,2,4,6,0,1,3,2,3,4,1,36,7,3,1400,62,6
"79268",79268,840,2,2,4,2,2,1,3,1,1,1,1,2,10,1,37,5,1,1400,53,1
"79269",79269,840,1,1,4,4,2,5,4,1,2,1,1,1,10,1,33,5,1,8001,0,1
"79270",79270,840,3,1,4,2,2,3,2,1,1,2,-2,2,5,1,33,5,1,1400,62,1
"79271",79271,840,1,2,5,1,2,2,2,2,1,2,1,1,10,1,37,6,1,1400,62,3
"79272",79272,840,2,4,4,4,1,6,4,1,1,2,1,1,6,2,35,4,5,1250,0,4
"79273",79273,840,1,1,4,1,2,1,1,2,1,3,1,2,9,2,19,6,8,1400,53,6
"79274",79274,840,1,2,2,4,1,7,1,2,1,3,1,1,10,1,22,4,1,1250,64,1
"79275",79275,840,3,4,4,4,2,9,7,0,1,2,1,2,3,2,45,5,1,1400,0,1
"79276",79276,840,-2,4,2,4,1,5,7,0,1,3,1,3,6,1,54,4,7,1400,62,1
"79277",79277,840,1,2,-2,5,2,2,1,2,1,2,1,1,10,1,60,6,8,1400,62,1
"79278",79278,840,2,1,5,4,2,1,2,2,1,1,1,1,10,2,46,5,1,1400,62,3
"79279",79279,840,2,4,2,2,1,1,3,1,1,1,1,1,5,2,54,6,1,1400,0,1
"79280",79280,840,2,4,5,2,2,1,1,2,1,2,1,1,10,1,36,5,1,1400,62,4
"79281",79281,840,3,5,1,4,2,1,6,1,1,2,1,2,10,1,57,5,4,1400,64,1
"79282",79282,840,2,4,4,2,2,1,2,2,1,2,2,1,10,2,21,5,1,1250,53,6
"79283",79283,840,2,1,4,2,2,1,6,1,1,2,1,1,10,1,69,3,1,200,62,1
"79284",79284,840,3,5,1,5,2,2,7,0,2,3,3,4,1,1,38,6,1,1400,0,3
"79285",79285,840,2,4,2,4,2,1,2,2,1,2,1,1,10,2,22,6,1,1400,62,6
"79286",79286,840,3,5,1,5,1,1,7,1,1,3,2,3,6,1,59,7,1,200,62,1
"79287",79287,840,4,5,1,5,1,1,7,0,1,1,2,4,1,2,60,6,7,1250,0,1
"79288",79288,840,2,4,4,4,2,1,2,1,1,1,1,1,10,2,38,6,1,1400,53,1
"79289",79289,840,2,4,1,4,2,1,7,0,1,3,2,2,4,2,58,8,1,1400,0,6
"79290",79290,840,3,4,1,1,1,1,2,1,1,3,1,1,8,2,51,5,1,1400,64,6
"79291",79291,840,3,4,4,4,2,5,6,1,1,1,1,1,10,1,43,6,1,200,53,1
"79292",79292,840,1,1,4,1,2,1,1,2,1,1,1,1,10,2,75,5,4,1400,64,1
"79293",79293,840,1,1,5,1,2,2,1,2,1,1,1,1,10,2,54,6,1,200,62,1
"79294",79294,840,3,5,4,4,2,1,7,0,1,2,1,3,8,2,28,7,1,1400,0,6
"79295",79295,840,3,4,1,4,2,3,7,0,1,1,2,2,6,2,29,5,7,1400,0,1
"79296",79296,840,3,2,4,5,2,1,6,1,1,2,1,2,9,2,59,6,1,1400,62,3
"79297",79297,840,3,5,1,4,2,6,3,1,2,3,2,4,3,1,21,5,1,1400,64,6
"79298",79298,840,2,1,2,4,2,1,6,0,1,2,1,1,10,1,57,5,1,200,62,1
"79299",79299,840,3,5,1,5,2,2,3,0,1,2,2,3,7,2,19,4,1,1400,62,6
"79300",79300,840,1,4,4,1,2,1,1,2,1,1,1,1,10,1,38,5,1,1250,53,1
"79301",79301,840,1,5,4,4,2,1,2,1,1,3,1,1,10,2,20,6,1,1250,64,6
"79302",79302,840,1,4,1,1,2,1,7,1,1,2,1,2,10,2,49,5,1,1400,64,1
"79303",79303,840,3,5,2,4,2,1,6,0,1,3,1,4,3,1,36,5,7,1400,0,6
"79304",79304,840,4,5,1,5,1,3,7,0,2,2,3,4,7,1,29,6,1,1400,62,1
"79305",79305,840,2,4,1,5,2,2,2,1,1,2,2,2,10,1,39,5,1,1250,64,1
"79306",79306,840,2,2,5,2,2,1,6,0,1,2,1,1,10,1,27,6,1,1400,53,1
"79307",79307,840,1,2,4,2,2,1,2,1,1,1,1,1,10,1,18,4,1,1400,62,6
"79308",79308,840,1,4,4,4,2,2,1,2,1,2,1,1,10,2,66,4,8,200,0,5
"79309",79309,840,2,2,4,2,2,1,7,0,1,3,1,3,8,2,45,6,1,1400,62,6
"79310",79310,840,2,5,2,4,2,1,2,2,2,2,1,2,6,2,42,8,3,1400,64,1
"79311",79311,840,2,1,2,2,2,1,1,2,1,2,2,1,10,2,37,5,1,1250,53,4
"79312",79312,840,3,4,1,5,2,1,5,0,1,2,2,-2,10,2,53,5,7,200,53,1
"79313",79313,840,1,2,5,1,2,1,1,2,1,1,1,1,10,1,72,5,4,1400,62,1
"79314",79314,840,3,4,4,4,2,6,6,1,1,2,1,1,10,1,67,4,4,1250,53,1
"79315",79315,840,2,2,4,2,2,2,2,2,1,1,1,1,10,2,33,6,1,200,53,1
"79316",79316,840,1,1,5,1,2,1,1,2,1,2,1,1,10,1,33,5,1,1400,53,1
"79317",79317,840,2,5,2,4,2,1,7,1,2,2,2,3,5,1,20,6,7,1400,62,6
"79318",79318,840,3,5,1,4,2,1,7,0,1,2,2,2,6,1,47,5,1,1400,0,1
"79319",79319,840,3,2,4,4,2,1,5,0,1,1,1,1,10,1,53,5,1,200,53,3
"79320",79320,840,2,4,4,4,2,1,3,0,1,2,1,2,10,1,37,7,1,1400,62,1
"79321",79321,840,2,4,4,4,1,5,7,0,2,2,2,3,5,1,26,5,1,1250,0,1
"79322",79322,840,2,4,2,2,1,1,7,0,1,2,1,3,9,1,19,4,7,1400,62,6
"79323",79323,840,2,1,4,1,2,1,1,2,1,2,1,1,10,1,52,3,1,1400,62,1
"79324",79324,840,1,1,4,4,2,1,1,2,1,2,1,1,10,2,72,5,8,1400,62,5
"79325",79325,840,2,5,5,1,2,1,2,1,1,2,1,1,10,2,41,5,5,1400,64,1
"79326",79326,840,2,4,4,4,2,5,7,0,2,4,2,3,5,1,46,5,1,1400,0,1
"79327",79327,840,1,1,4,1,2,1,1,2,1,2,1,1,10,1,22,5,1,1400,62,6
"79328",79328,840,1,5,1,1,1,1,2,2,1,3,1,2,10,1,51,6,1,200,53,3
"79329",79329,840,1,2,5,1,2,2,2,2,1,2,1,1,10,2,61,7,4,1400,53,1
"79330",79330,840,2,4,4,4,2,1,4,1,1,2,1,2,10,2,27,7,5,1400,62,1
"79331",79331,840,4,4,2,5,2,1,7,0,1,2,2,3,6,2,40,7,1,1400,62,1
"79332",79332,840,2,4,1,2,2,1,2,2,1,2,1,1,10,2,22,7,1,1400,62,6
"79333",79333,840,1,2,1,4,2,2,1,2,1,2,1,1,10,1,23,6,1,200,62,1
"79334",79334,840,2,2,2,4,2,2,1,2,1,2,1,1,10,2,28,5,1,1250,53,3
"79335",79335,840,3,2,4,2,2,4,5,0,1,1,1,3,5,1,36,5,1,1250,0,1
"79336",79336,840,2,2,1,2,2,1,2,1,1,2,1,2,10,1,21,6,3,1400,62,6
"79337",79337,840,1,4,2,4,2,1,1,2,1,1,1,2,10,2,44,6,3,1400,62,3
"79338",79338,840,4,5,1,4,1,1,-2,0,2,3,3,4,1,1,50,5,8,1400,0,3
"79339",79339,840,2,4,4,4,2,5,6,1,1,2,1,1,7,2,44,4,8,1400,53,1
"79340",79340,840,1,2,4,1,2,1,2,2,1,1,1,1,10,2,69,5,4,1400,62,1
"79341",79341,840,2,4,4,4,2,3,3,1,1,2,1,2,10,2,45,8,1,1400,62,1
"79342",79342,840,-2,-2,-2,-2,2,-2,4,0,2,3,2,4,6,1,22,5,1,1400,0,6
"79343",79343,840,1,1,5,1,2,1,2,2,1,2,1,1,10,2,48,5,1,1400,53,1
"79344",79344,840,3,4,1,2,2,2,7,0,1,2,1,3,2,2,28,7,1,1400,0,6
"79345",79345,840,1,4,4,2,2,1,2,1,1,2,1,1,10,1,19,4,1,1400,53,6
"79346",79346,840,2,4,4,4,1,5,3,1,1,3,1,2,9,2,43,6,1,1400,62,1
"79347",79347,840,1,2,1,4,2,3,4,1,1,3,1,1,10,1,32,7,1,1400,62,1
"79348",79348,840,1,1,5,1,2,1,2,2,1,1,1,1,10,1,52,9,1,1400,53,1
"79349",79349,840,2,2,4,2,2,2,2,2,1,2,1,1,10,2,51,6,1,1400,64,1
"79350",79350,840,-5,-5,-5,-5,2,-5,-5,1,-5,-5,-5,1,-5,2,43,5,8,200,-5,6
"79351",79351,840,2,2,4,4,1,2,2,2,1,1,1,1,10,2,63,5,4,1400,64,1
"79352",79352,840,3,1,5,1,2,1,7,1,1,3,1,1,10,1,21,5,8,1400,0,6
"79353",79353,840,2,5,1,5,2,10,7,0,2,3,2,4,1,1,59,7,1,1400,0,1
"79354",79354,840,3,4,1,5,1,1,4,1,1,1,1,2,8,1,29,9,1,1400,64,1
"79355",79355,840,2,1,4,1,2,1,2,2,1,2,1,1,10,1,54,5,1,1400,62,1
"79356",79356,840,2,4,4,2,2,2,5,1,1,2,1,2,8,1,54,5,1,1400,62,1
"79357",79357,840,2,1,2,4,2,2,4,1,1,2,1,3,10,2,54,5,3,1400,62,1
"79358",79358,840,2,4,4,4,2,1,2,2,1,1,1,2,10,1,34,8,1,8000,62,1
"79359",79359,840,2,5,2,5,2,1,2,2,1,2,1,1,9,2,62,3,1,1400,64,1
"79360",79360,840,1,4,2,5,2,1,7,1,1,1,1,1,10,2,50,5,8,1400,64,3
"79361",79361,840,1,2,4,1,2,2,2,2,1,3,1,1,10,1,42,6,1,1400,53,1
"79362",79362,840,2,4,1,2,2,1,2,2,1,3,1,1,9,2,68,6,4,1400,64,1
"79363",79363,840,3,5,2,4,2,1,7,0,2,2,2,3,1,1,39,5,1,1400,53,6
"79364",79364,840,2,2,2,2,2,5,1,2,1,1,1,1,10,1,57,4,8,200,53,4
"79365",79365,840,2,4,4,4,2,1,5,1,1,1,1,1,10,2,54,7,8,1250,62,6
"79366",79366,840,4,5,1,5,1,1,7,0,1,4,1,3,10,1,47,6,8,1400,64,6
"79367",79367,840,2,4,5,1,2,1,2,2,1,2,1,1,10,1,87,7,3,1400,62,1
"79368",79368,840,3,5,1,5,2,1,7,0,2,4,2,4,2,2,52,6,1,1400,0,1
"79369",79369,840,3,5,1,5,2,1,2,1,1,3,2,3,3,2,36,6,5,1400,62,1
"79370",79370,840,3,4,2,2,2,1,7,1,1,2,1,3,6,1,54,5,1,1400,64,1
"79371",79371,840,1,4,2,4,2,1,2,2,1,1,1,1,10,2,45,7,1,1400,64,1
"79372",79372,840,2,1,1,1,2,5,3,2,1,1,1,2,10,1,48,8,1,8000,62,1
"79373",79373,840,3,4,5,4,2,1,2,2,1,1,1,1,10,2,29,7,5,1400,62,1
"79374",79374,840,2,4,4,2,2,3,2,2,1,3,1,1,10,2,58,7,4,1400,62,1
"79375",79375,840,1,1,5,1,2,1,1,2,1,3,1,1,10,2,46,5,1,200,53,6
"79376",79376,840,2,4,1,5,1,1,3,0,1,2,1,2,10,2,46,5,5,1400,0,1
"79377",79377,840,2,1,5,1,2,1,1,2,1,1,1,1,10,2,60,5,5,1400,62,1
"79378",79378,840,-2,2,4,2,2,1,4,1,1,-2,1,1,10,1,40,4,1,1400,64,1
"79379",79379,840,4,4,5,5,2,2,7,0,2,3,2,3,1,1,57,5,8,1400,0,3
"79380",79380,840,3,2,2,4,2,1,3,1,2,2,1,2,7,1,63,7,1,1400,62,1
"79381",79381,840,2,4,4,4,2,1,4,1,1,3,1,2,10,2,41,5,1,1250,64,6
"79382",79382,840,1,4,5,2,2,1,1,2,1,1,1,1,10,1,23,7,1,1400,62,6
"79383",79383,840,4,5,1,5,2,1,7,0,2,2,2,3,3,2,56,9,3,1400,42,3
"79384",79384,840,2,4,1,2,2,1,6,0,1,1,1,3,10,1,47,5,1,1400,53,1
"79385",79385,840,1,1,1,1,2,1,3,1,1,1,1,1,10,2,33,5,1,200,53,6
"79386",79386,840,3,5,1,1,2,1,7,1,1,2,2,2,10,2,56,5,8,1400,64,6
"79387",79387,840,2,1,4,1,2,5,3,2,1,1,1,1,10,2,28,8,7,1400,53,6
"79388",79388,840,4,4,5,4,2,10,7,0,1,2,2,4,9,1,54,7,1,1400,64,3
"79389",79389,840,2,2,2,2,1,1,4,1,1,2,1,2,10,2,60,5,1,1400,64,1
"79390",79390,840,3,4,2,5,2,1,5,0,1,2,1,3,9,2,52,7,7,1400,0,1
"79391",79391,840,1,4,5,2,2,1,1,2,1,2,1,1,10,2,75,6,4,1400,64,5
"79392",79392,840,3,4,1,4,2,5,7,1,1,2,1,2,9,1,39,7,1,1400,0,6
"79393",79393,840,2,4,4,4,2,5,7,0,1,2,2,2,10,1,33,5,1,1400,0,1
"79394",79394,840,2,4,4,4,2,2,7,0,1,3,1,2,6,1,39,5,3,1400,62,1
"79395",79395,840,2,1,4,4,2,1,1,2,1,1,1,1,10,2,43,7,1,200,53,6
"79396",79396,840,3,1,1,1,2,1,2,2,1,3,1,1,10,2,59,3,8,200,53,3
"79397",79397,840,1,2,5,4,2,1,6,1,1,1,1,2,10,1,30,7,1,1400,62,1
"79398",79398,840,2,1,5,1,2,1,2,2,1,1,1,1,10,1,81,5,4,1400,62,1
"79399",79399,840,2,4,4,4,1,1,3,2,1,3,1,2,10,1,56,7,1,1400,64,6
"79400",79400,840,2,4,4,4,2,3,7,0,1,2,1,2,10,2,42,5,1,1400,0,5
"79401",79401,840,3,4,1,1,2,1,7,0,1,1,1,3,10,1,64,5,4,1400,0,3
"79402",79402,840,3,4,4,2,1,1,4,0,1,2,2,3,7,1,66,3,4,1400,64,1
"79403",79403,840,2,4,2,4,2,5,7,0,1,2,1,2,10,2,23,5,8,8001,0,4
"79404",79404,840,2,2,2,2,2,2,5,1,1,2,1,1,10,2,59,7,4,1400,62,3
"79405",79405,840,3,5,1,5,2,1,7,0,2,2,2,3,6,2,27,7,1,1400,0,1
"79406",79406,840,1,5,5,4,2,2,3,1,1,3,1,3,8,2,26,5,5,1400,64,1
"79407",79407,840,1,1,5,1,2,1,5,1,1,1,1,2,10,2,25,7,1,1400,64,6
"79408",79408,840,2,1,1,1,2,5,3,1,1,1,1,1,10,1,48,4,7,200,0,6
"79409",79409,840,4,-5,-5,-5,1,-5,-5,0,-5,-5,-5,4,-5,2,50,6,3,1400,-5,1
"79410",79410,840,1,4,4,4,2,5,2,2,1,1,1,1,5,1,70,3,4,200,53,5
"79411",79411,840,2,4,4,4,2,1,7,1,1,1,1,1,10,1,39,5,8,1400,0,1
"79412",79412,840,1,4,1,2,2,1,2,1,1,1,1,1,10,2,71,5,4,200,62,5
"79413",79413,840,2,4,4,4,2,2,6,0,1,3,1,3,10,1,37,5,1,1400,62,1
"79414",79414,840,-5,-5,-5,-5,2,-5,-5,0,-5,-5,-5,4,-5,1,22,6,7,1400,-5,6
"79415",79415,840,2,4,4,2,2,1,1,2,1,1,1,1,10,2,27,7,1,1400,62,3
"79416",79416,840,3,4,4,4,2,3,6,1,1,2,1,2,9,2,61,8,1,1400,64,1
"79417",79417,840,3,5,4,5,2,1,7,0,2,2,2,3,6,2,23,7,1,1400,64,6
"79418",79418,840,4,4,4,4,2,1,6,1,1,2,1,1,10,2,43,4,1,200,53,6
"79419",79419,840,1,1,2,2,2,2,2,2,1,1,1,1,10,2,32,5,1,200,53,6
"79420",79420,840,2,4,4,4,1,5,2,2,1,2,1,1,6,2,33,7,1,8000,64,1
"79421",79421,840,2,1,4,4,1,10,7,1,2,1,2,3,10,1,36,5,8,1400,0,1
"79422",79422,840,1,1,2,2,2,1,2,2,1,1,2,1,10,2,44,4,8,200,0,4
"79423",79423,840,2,-2,-2,-2,2,-2,2,1,1,2,1,2,9,1,31,7,1,8000,64,1
"79424",79424,840,1,2,5,2,2,1,1,2,1,1,1,1,10,2,25,7,1,1400,62,6
"79425",79425,840,3,2,4,2,2,1,7,0,1,2,1,2,9,2,27,5,1,1400,0,1
"79426",79426,840,2,5,4,4,2,6,2,2,1,2,1,1,10,1,66,7,4,200,-2,5
"79427",79427,840,1,1,5,4,2,1,1,2,1,1,1,2,10,2,36,6,1,200,53,6
"79428",79428,840,1,2,2,2,2,1,2,2,1,1,1,1,10,1,44,7,1,8001,53,6
"79429",79429,840,1,2,4,4,2,1,2,2,1,2,1,2,10,1,27,6,1,1400,62,6
"79430",79430,840,2,4,4,4,2,5,6,0,1,2,1,2,8,2,54,7,1,200,0,6
"79431",79431,840,4,5,1,4,1,6,7,0,2,3,2,4,1,1,46,8,3,1400,0,1
"79432",79432,840,3,5,1,5,2,7,4,1,1,3,1,3,6,1,57,8,1,1400,42,1
"79433",79433,840,2,4,1,1,2,1,6,2,1,1,1,2,10,2,55,6,8,1400,53,1
"79434",79434,840,2,2,2,2,2,1,2,2,1,2,1,1,10,2,50,8,8,1400,53,3
"79435",79435,840,4,5,1,5,2,5,7,0,1,2,2,3,1,2,79,5,5,1400,42,1
"79436",79436,840,3,4,2,2,1,1,6,1,2,3,1,2,7,1,43,5,1,1400,0,1
"79437",79437,840,2,2,-2,1,2,1,2,2,1,1,1,1,10,2,68,6,4,1400,62,1
"79438",79438,840,3,5,1,5,2,1,3,0,2,1,2,3,1,1,44,6,1,200,0,1
"79439",79439,840,2,4,2,2,1,4,7,1,1,1,2,3,7,1,37,5,1,1400,0,6
"79440",79440,840,1,2,1,2,2,1,2,2,1,1,1,1,10,2,71,6,4,1400,62,1
"79441",79441,840,3,1,2,1,2,1,6,0,1,3,2,3,10,1,48,7,1,1400,64,1
"79442",79442,840,2,1,5,1,2,1,6,0,1,1,1,1,10,2,50,5,5,1400,0,1
"79443",79443,840,2,4,1,1,2,1,4,1,1,1,1,1,10,2,45,5,1,1400,64,6
"79444",79444,840,-5,-5,-5,-5,1,-5,-5,2,-5,-5,-5,1,-5,2,44,7,3,8000,-5,1
"79445",79445,840,2,4,4,4,2,2,7,0,1,2,1,1,10,2,48,5,1,1400,0,1
"79446",79446,840,1,4,4,1,2,2,2,2,1,2,1,1,10,1,37,6,1,8000,62,6
"79447",79447,840,3,4,4,4,1,2,7,0,1,3,1,4,5,1,52,4,1,1250,-2,3
"79448",79448,840,4,1,1,1,2,1,1,2,1,1,1,1,10,1,51,7,1,200,53,1
"79449",79449,840,2,4,1,5,2,2,7,1,1,1,1,1,10,1,43,5,3,1400,64,6
"79450",79450,840,3,1,1,1,2,1,7,0,1,1,1,-2,10,1,65,3,8,1400,0,1
"79451",79451,840,1,4,4,4,2,5,2,2,1,1,1,1,5,2,20,6,7,200,53,6
"79452",79452,840,2,4,5,2,2,1,1,2,1,1,1,1,10,1,54,8,3,1400,62,1
"79453",79453,840,1,1,2,2,2,4,2,2,1,1,1,1,10,2,57,5,8,1400,62,3
"79454",79454,840,3,5,1,5,2,2,7,0,1,2,2,3,8,2,18,4,8,1400,0,6
"79455",79455,840,1,4,1,2,2,1,2,2,1,2,1,1,10,1,84,8,4,1400,62,1
"79456",79456,840,1,2,2,2,2,1,1,2,1,1,1,1,10,2,51,5,1,1400,62,1
"79457",79457,840,1,1,4,1,2,1,3,1,1,1,1,1,10,1,35,5,7,200,53,1
"79458",79458,840,2,2,5,1,2,1,1,2,1,2,1,1,10,2,53,5,1,1400,62,1
"79459",79459,840,3,1,4,5,2,3,7,0,1,2,1,3,10,1,52,5,8,1400,0,3
"79460",79460,840,2,4,4,4,2,1,4,1,1,2,1,1,10,1,44,5,8,200,62,3
"79461",79461,840,4,5,1,5,1,2,7,0,1,2,2,4,2,1,31,7,1,1400,64,6
"79462",79462,840,2,4,2,4,2,2,5,0,2,3,2,1,8,1,41,8,1,1400,62,6
"79463",79463,840,2,1,4,1,2,2,2,2,1,3,2,3,10,2,34,3,5,1250,0,1
"79464",79464,840,4,5,1,5,2,1,7,0,1,2,2,4,1,1,31,7,3,1400,0,1
"79465",79465,840,3,4,4,4,2,4,3,1,1,2,2,3,6,1,53,8,1,1400,64,1
"79466",79466,840,2,4,1,4,2,2,7,1,1,2,1,3,6,2,24,6,1,8001,62,6
"79467",79467,840,3,4,2,4,2,1,6,0,1,2,1,2,10,2,40,6,1,1250,0,1
"79468",79468,840,3,2,1,2,2,1,6,0,1,1,1,2,10,2,53,5,1,8001,0,4
"79469",79469,840,3,5,2,5,2,1,6,0,1,2,1,3,7,2,43,9,1,1400,64,6
"79470",79470,840,1,4,1,4,2,5,6,0,1,2,1,2,10,2,21,5,8,1400,62,6
"79471",79471,840,1,1,5,1,2,1,2,2,1,2,1,1,10,1,58,3,8,1400,53,1
"79472",79472,840,2,2,2,4,2,6,2,1,1,2,2,2,7,1,28,5,1,1400,0,3
"79473",79473,840,2,1,4,4,1,6,5,1,1,2,1,1,10,1,64,8,4,200,62,1
"79474",79474,840,1,1,5,2,2,1,1,2,1,1,1,1,10,2,45,6,8,1400,53,1
"79475",79475,840,2,4,1,5,2,1,7,1,1,2,2,2,5,2,36,7,5,1400,64,1
"79476",79476,840,1,4,4,1,1,1,6,1,1,4,1,1,10,2,40,5,1,1400,64,3
"79477",79477,840,1,4,2,4,2,1,3,2,1,2,1,1,10,2,58,5,1,1400,64,3
"79478",79478,840,-5,-5,-5,-5,2,-5,-5,1,-5,-5,-5,2,-5,1,52,7,7,1400,-5,6
"79479",79479,840,2,2,5,2,2,1,1,2,1,1,1,1,10,2,34,6,5,1400,53,1
"79480",79480,840,2,4,2,2,2,4,7,0,1,2,1,1,10,2,52,5,5,1400,0,1
"79481",79481,840,1,-5,-5,-5,2,-5,-5,2,-5,-5,-5,1,-5,2,62,5,1,1400,-5,5
"79482",79482,840,3,5,1,4,2,1,7,0,1,3,1,3,7,2,63,8,8,8001,0,3
"79483",79483,840,1,4,4,4,2,5,3,1,1,2,1,1,6,1,20,6,1,200,53,6
"79484",79484,840,2,4,4,4,2,1,2,2,1,2,1,1,10,1,71,7,4,1250,53,1
"79485",79485,840,1,4,4,2,2,1,3,1,1,2,1,1,10,2,54,8,1,200,62,4
"79486",79486,840,2,1,1,1,2,5,6,0,1,1,1,2,10,1,64,7,4,1400,62,3
"79487",79487,840,2,5,1,5,2,1,3,1,1,1,1,1,10,1,36,5,1,1250,53,4
"79488",79488,840,2,4,2,4,2,1,1,2,1,3,1,1,10,2,64,5,4,1400,64,1
"79489",79489,840,1,1,4,2,2,1,2,2,1,1,1,1,10,2,35,5,1,1400,62,1
"79490",79490,840,1,1,4,1,2,1,7,1,1,1,1,1,10,2,30,5,5,1400,53,1
"79491",79491,840,2,5,2,4,2,1,7,1,1,2,1,3,7,1,37,7,1,1400,62,1
"79492",79492,840,3,4,4,2,2,4,2,2,1,2,1,1,8,2,22,8,1,8000,62,1
"79493",79493,840,1,2,4,2,2,3,3,2,1,1,1,1,10,2,59,7,7,1400,62,6
"79494",79494,840,3,5,2,5,2,2,6,1,1,2,1,2,7,1,49,9,1,1400,62,1
"79495",79495,840,2,4,2,2,2,1,2,2,1,3,1,1,10,1,47,6,1,200,53,3
"79496",79496,840,2,4,4,1,2,1,1,2,1,4,1,1,10,1,42,5,1,1400,0,1
"79497",79497,840,2,4,4,1,2,3,2,2,1,1,1,1,10,2,45,6,8,1400,62,1
"79498",79498,840,3,5,1,5,2,1,7,0,2,2,3,4,1,1,31,8,1,1400,0,1
"79499",79499,840,3,5,1,5,1,1,7,0,1,1,1,4,10,2,73,5,4,1400,0,5
"79500",79500,840,3,4,1,4,2,1,7,0,1,2,2,3,9,1,44,6,1,1400,0,4
"79501",79501,840,2,1,5,1,2,1,7,1,1,2,1,1,10,1,19,4,8,1400,53,6
"79502",79502,840,2,2,2,1,2,1,6,1,1,2,1,1,10,2,26,5,5,1400,53,1
"79503",79503,840,2,4,4,1,2,1,2,2,1,1,1,1,10,2,34,7,5,1400,53,1
"79504",79504,840,-5,-5,-5,-5,2,-5,-5,2,-5,-5,-5,2,-5,1,31,7,1,1400,-5,1
"79505",79505,840,4,5,1,5,1,1,7,0,1,2,1,4,9,2,39,5,1,1250,53,3
"79506",79506,840,1,1,4,1,2,1,1,2,1,1,1,1,10,2,40,5,5,1400,62,1
"79507",79507,840,1,5,2,4,2,1,1,2,1,1,1,1,10,2,28,8,5,1400,62,1
"79508",79508,840,1,1,4,1,2,1,-2,2,1,2,1,1,10,2,60,4,5,1400,62,1
"79509",79509,840,1,1,4,1,2,1,1,2,1,2,1,1,10,1,46,4,8,1250,53,1
"79510",79510,840,1,4,4,2,2,1,2,2,1,1,1,1,10,2,40,6,1,1400,64,1
"79511",79511,840,2,4,2,4,2,4,3,1,1,2,1,2,8,2,29,8,1,1400,62,1
"79512",79512,840,2,2,1,2,2,1,4,1,1,2,1,2,9,2,62,5,4,1400,64,1
"79513",79513,840,4,5,1,5,2,3,7,0,2,4,3,4,1,1,24,5,3,1400,0,6
"79514",79514,840,3,4,1,2,2,1,7,0,1,1,1,3,10,2,26,6,5,1250,64,1
"79515",79515,840,3,5,1,5,2,1,5,1,1,1,3,3,1,1,70,6,4,1400,42,1
"79516",79516,840,3,4,4,4,2,1,7,1,1,1,1,1,10,1,41,7,1,1400,62,6
"79517",79517,840,2,5,1,4,2,1,3,1,1,1,1,1,10,1,42,7,8,1400,62,1
"79518",79518,840,1,2,5,1,2,8,3,1,1,3,1,1,10,2,39,5,3,1400,64,1
"79519",79519,840,3,5,4,4,2,1,3,2,1,1,2,2,3,2,59,8,1,1400,0,1
"79520",79520,840,1,4,5,2,2,1,2,2,1,2,1,1,10,2,40,7,1,1250,53,1
"79521",79521,840,2,2,2,2,1,1,7,1,1,3,1,2,10,1,30,5,1,1400,0,6
"79522",79522,840,3,4,1,5,2,3,5,0,2,3,2,3,4,1,28,7,1,1400,0,1
"79523",79523,840,2,4,1,5,1,1,2,1,1,3,1,2,10,2,80,5,4,1250,64,5
"79524",79524,840,3,4,2,5,2,2,6,0,2,3,2,3,3,1,38,5,1,1400,0,1
"79525",79525,840,3,5,4,4,2,5,4,0,1,2,1,3,7,1,18,4,8,1250,0,6
"79526",79526,840,3,4,1,5,2,1,7,1,1,1,2,2,7,2,29,5,3,1250,53,1
"79527",79527,840,3,4,2,5,1,3,7,0,1,3,2,3,3,1,59,8,1,1400,0,1
"79528",79528,840,2,5,4,4,2,2,4,0,1,2,2,3,5,2,33,8,5,1400,64,1
"79529",79529,840,2,4,4,4,2,5,4,1,1,3,1,1,10,2,37,5,5,1400,64,3
"79530",79530,840,3,5,1,5,2,1,7,0,1,2,2,3,10,2,26,7,1,1400,0,6
"79531",79531,840,3,4,2,4,2,3,7,0,1,2,2,3,7,1,21,6,1,1400,0,6
"79532",79532,840,-2,-2,-2,-2,2,-2,-2,0,-2,-2,-2,4,-2,2,20,4,7,8001,-2,6
"79533",79533,840,2,4,1,4,2,1,4,1,1,2,1,2,8,2,22,7,1,1400,64,6
"79534",79534,840,1,4,4,2,2,1,2,2,1,2,1,1,10,2,35,6,5,1400,62,5
"79535",79535,840,2,4,4,4,2,1,1,-2,1,3,1,1,10,2,74,5,4,1250,62,4
"79536",79536,840,1,2,4,1,2,1,1,2,1,1,1,1,10,2,58,7,1,8001,64,6
"79537",79537,840,3,5,1,5,1,1,7,1,1,2,2,2,10,2,53,7,1,1400,62,6
"79538",79538,840,3,2,1,2,2,2,7,0,1,2,1,2,8,1,30,5,1,1400,0,1
"79539",79539,840,2,4,4,2,2,1,6,1,1,2,1,2,8,1,57,5,3,1400,62,1
"79540",79540,840,1,4,5,2,2,1,2,2,1,2,1,1,10,2,43,7,3,1400,53,3
"79541",79541,840,3,5,1,5,2,1,4,0,2,3,2,3,4,2,42,7,1,1400,64,5
"79542",79542,840,2,1,4,2,2,3,7,1,1,2,1,1,10,2,56,4,8,1400,62,3
"79543",79543,840,3,5,1,5,1,4,4,2,1,1,2,3,3,1,47,9,1,1250,64,1
"79544",79544,840,3,4,4,2,2,1,6,1,2,3,2,3,6,1,63,7,8,1400,64,1
"79545",79545,840,3,4,4,2,2,3,3,0,1,3,1,2,10,1,37,6,1,1400,0,6
"79546",79546,840,1,2,5,1,2,2,1,2,1,1,1,1,10,1,49,8,7,200,53,1
"79547",79547,840,2,4,2,4,2,3,3,1,1,1,1,1,10,2,32,8,1,200,62,1
"79548",79548,840,1,1,4,1,2,1,1,2,1,1,1,1,10,2,52,6,8,1250,-2,5
"79549",79549,840,3,1,2,4,2,3,7,1,1,2,1,2,9,1,58,6,4,1250,0,1
"79550",79550,840,2,4,4,4,2,1,4,1,1,2,1,2,10,1,35,7,1,1400,64,1
"79551",79551,840,2,4,2,2,2,2,7,0,1,2,1,2,9,2,55,5,1,200,0,6
"79552",79552,840,2,4,4,5,2,5,2,1,1,2,2,2,8,1,60,7,4,1400,64,1
"79553",79553,840,3,1,4,1,2,1,3,1,1,1,2,4,10,1,52,6,1,1400,0,1
"79554",79554,840,3,4,2,4,2,2,7,0,2,2,2,3,5,2,48,5,1,1250,64,1
"79555",79555,840,2,4,4,2,2,1,2,2,1,1,1,1,10,1,37,9,1,1400,64,1
"79556",79556,840,1,4,5,1,2,1,1,2,1,1,1,1,10,1,76,6,4,1400,64,1
"79557",79557,840,3,4,1,2,1,1,7,0,2,2,2,3,5,1,44,6,1,1400,0,3
"79558",79558,840,2,-5,-5,-5,2,-5,-5,2,-5,-5,-5,1,-5,2,34,9,1,1400,-5,6
"79559",79559,840,3,4,4,4,2,2,7,0,1,4,2,4,9,1,22,4,7,8001,64,6
"79560",79560,840,1,2,2,1,2,1,2,2,1,2,1,1,10,2,38,7,1,1400,62,3
"79561",79561,840,1,2,5,4,2,1,2,1,1,1,1,1,10,2,72,5,4,1400,62,1
"79562",79562,840,1,1,2,2,2,8,2,2,1,2,1,1,10,1,65,5,4,200,62,3
"79563",79563,840,1,4,4,1,2,1,2,2,1,2,1,1,10,1,27,6,1,8001,53,1
"79564",79564,840,2,5,1,5,2,2,4,1,1,2,1,3,7,1,30,7,1,1400,64,1
"79565",79565,840,4,5,1,5,1,4,7,0,2,1,2,4,2,1,44,7,7,1400,0,6
"79566",79566,840,4,5,1,5,2,1,7,0,1,1,1,3,9,2,36,8,1,1400,0,3
"79567",79567,840,3,5,1,5,2,1,3,2,1,2,1,2,8,1,36,8,1,1400,62,3
"79568",79568,840,2,1,4,2,2,1,7,1,1,2,1,2,10,1,64,5,4,1400,0,1
"79569",79569,840,2,1,2,1,2,1,3,2,1,1,1,1,9,2,39,5,1,1400,64,1
"79570",79570,840,3,5,2,5,2,2,7,0,1,1,1,3,9,2,63,7,1,1400,0,1
"79571",79571,840,1,4,1,1,2,1,1,2,1,1,1,1,10,2,65,5,5,1400,62,5
"79572",79572,840,3,5,5,5,2,10,7,0,2,2,2,4,10,1,26,7,1,1400,0,6
"79573",79573,840,2,2,5,2,2,3,1,2,1,1,1,1,10,1,32,5,1,1400,62,6
"79574",79574,840,2,1,5,1,2,1,4,0,1,2,2,1,10,2,29,7,1,1400,0,6
"79575",79575,840,2,1,5,1,2,1,3,1,1,2,1,1,10,1,22,5,1,1400,0,6
"79576",79576,840,1,4,4,4,2,5,4,2,1,2,1,1,9,2,40,4,8,1400,62,6
"79577",79577,840,3,5,4,4,2,8,4,1,2,1,3,2,2,2,18,4,8,8000,0,6
"79578",79578,840,1,5,1,5,2,1,2,2,1,2,1,1,10,2,36,5,1,1400,64,1
"79579",79579,840,4,5,2,4,2,1,7,0,2,4,2,3,1,2,29,5,5,1400,0,1
"79580",79580,840,2,4,1,4,1,10,4,0,1,1,1,1,10,1,19,4,8,1250,64,6
"79581",79581,840,2,1,2,2,2,1,2,1,1,2,2,1,10,2,69,4,4,1400,62,1
"79582",79582,840,2,2,2,2,2,1,3,2,1,2,1,1,10,2,29,7,1,1400,64,6
"79583",79583,840,2,5,1,5,2,1,7,0,1,1,1,2,10,2,42,5,1,1400,0,1
"79584",79584,840,3,5,1,5,2,2,6,1,1,1,1,3,9,2,54,8,1,1400,64,5
"79585",79585,840,2,4,2,4,2,1,6,1,1,1,1,1,10,2,54,9,3,1250,62,1
"79586",79586,840,2,5,4,4,2,1,3,1,1,3,2,3,4,1,49,5,3,1400,64,1
"79587",79587,840,1,4,4,2,1,4,7,1,1,1,1,3,10,2,21,5,5,200,0,6
"79588",79588,840,4,5,1,5,2,1,6,1,1,2,1,1,10,1,48,7,3,200,0,3
"79589",79589,840,2,4,4,4,2,5,3,1,1,2,1,2,8,1,43,7,3,1400,64,4
"79590",79590,840,1,1,5,1,2,2,2,2,1,1,1,1,10,2,27,7,3,1400,64,1
"79591",79591,840,2,4,5,4,2,1,3,1,1,3,1,2,10,1,56,7,4,1400,62,1
"79592",79592,840,2,2,2,2,2,3,2,2,1,3,1,1,10,2,28,8,1,1400,62,1
"79593",79593,840,1,2,2,2,2,1,2,2,-2,2,1,1,10,2,36,5,1,1400,53,6
"79594",79594,840,1,4,4,4,2,1,2,2,1,1,1,1,10,2,69,5,4,1400,62,1
"79595",79595,840,2,2,2,2,2,-2,3,2,1,2,1,1,7,1,21,4,1,1400,62,6
"79596",79596,840,2,4,4,4,2,1,5,1,1,2,2,3,6,1,82,7,4,1400,62,5
"79597",79597,840,2,5,2,4,2,1,2,1,1,2,2,2,7,2,59,7,4,1400,62,5
"79598",79598,840,3,5,1,5,2,1,7,0,2,2,2,3,8,2,67,5,3,1400,62,1
"79599",79599,840,2,1,4,1,2,1,2,2,1,1,1,1,10,2,46,7,5,1400,62,1
"79600",79600,840,2,5,5,4,2,6,7,0,2,1,3,4,1,2,45,5,5,1400,0,1
"79601",79601,840,2,4,1,4,2,1,4,1,1,3,1,3,7,2,41,6,1,1400,64,1
"79602",79602,840,3,4,4,4,2,1,3,1,1,4,1,1,10,1,64,4,4,8000,53,3
"79603",79603,840,3,4,1,4,2,1,7,1,1,2,1,3,8,2,55,6,5,1400,64,1
"79604",79604,840,1,1,2,2,2,1,6,1,1,2,1,2,7,1,59,6,1,1400,62,1
"79605",79605,840,1,5,2,2,2,1,2,2,1,1,1,1,10,2,36,7,1,1400,53,1
"79606",79606,840,2,4,1,2,2,2,2,2,1,1,1,1,10,1,41,7,1,1400,64,1
"79607",79607,840,3,4,1,4,2,4,5,2,1,1,1,2,8,2,53,7,8,1400,62,1
"79608",79608,840,2,4,4,2,2,1,5,0,1,1,1,2,9,2,58,5,3,1400,62,1
"79609",79609,840,4,5,1,4,2,1,7,0,1,2,2,4,2,2,30,6,1,1400,0,1
"79610",79610,840,2,4,4,4,2,1,7,0,2,4,2,3,5,1,34,5,1,1400,0,1
"79611",79611,840,3,4,1,5,2,1,2,2,1,1,1,1,10,2,69,8,4,1400,53,1
"79612",79612,840,1,4,2,4,2,1,2,2,1,2,1,1,10,1,51,5,8,1400,0,3
"79613",79613,840,3,4,4,4,2,5,4,0,1,2,2,3,6,1,29,5,8,200,53,6
"79614",79614,840,2,5,4,4,2,1,2,2,1,1,2,3,10,1,43,7,1,1400,64,1
"79615",79615,840,1,1,4,1,2,1,2,2,1,1,1,1,10,2,40,5,1,1400,53,3
"79616",79616,840,3,4,4,4,2,1,7,0,2,2,2,3,4,1,27,5,1,1400,0,1
"79617",79617,840,3,1,1,4,2,1,5,0,1,2,2,3,10,1,58,5,1,1400,62,5
"79618",79618,840,2,5,2,4,2,1,4,0,1,2,1,2,9,2,51,7,8,1400,62,3
"79619",79619,840,3,5,1,5,2,1,7,0,1,1,2,3,3,2,18,4,8,1250,0,6
"79620",79620,840,1,4,2,2,2,1,2,2,1,2,1,1,10,2,61,7,8,8001,62,6
"79621",79621,840,3,5,2,5,1,3,6,0,1,3,3,4,2,2,30,7,1,1400,0,6
"79622",79622,840,2,1,-2,-2,2,4,-2,1,1,1,-2,1,-2,2,68,4,4,1400,-2,1
"79623",79623,840,2,1,4,2,2,3,4,1,2,2,1,2,6,1,26,9,1,1400,62,6
"79624",79624,840,2,2,2,2,2,1,3,2,1,1,1,1,10,2,44,4,5,1250,64,1
"79625",79625,840,2,4,4,4,2,4,6,1,1,2,2,1,10,2,27,5,5,200,0,6
"79626",79626,840,1,1,4,1,2,1,2,2,1,1,1,2,10,2,26,6,5,1400,53,1
"79627",79627,840,3,5,1,4,2,8,2,1,1,1,1,2,10,1,50,7,1,1250,64,1
"79628",79628,840,2,4,4,4,2,1,6,2,1,2,1,1,10,1,30,5,8,1250,53,1
"79629",79629,840,4,5,4,5,2,1,7,0,2,3,2,4,1,1,73,6,4,200,62,3
"79630",79630,840,2,4,4,2,2,2,4,1,1,2,1,2,10,2,62,6,4,1400,62,3
"79631",79631,840,4,5,5,5,1,4,7,0,2,1,3,2,1,1,19,5,8,1250,0,6
"79632",79632,840,2,4,2,4,2,1,6,1,1,4,1,1,10,2,63,5,4,1400,62,1
"79633",79633,840,2,5,2,5,2,2,2,2,1,1,1,2,6,1,35,9,1,1400,62,1
"79634",79634,840,2,4,4,4,2,1,6,1,1,1,1,2,8,2,24,6,5,1400,53,1
"79635",79635,840,1,4,1,1,2,1,1,2,1,1,1,1,10,2,72,5,4,1400,62,1
"79636",79636,840,3,4,1,5,1,5,7,0,1,1,1,2,10,2,61,8,4,1400,0,1
"79637",79637,840,2,5,5,5,2,4,7,0,2,2,2,3,5,2,56,7,3,1400,64,6
"79638",79638,840,3,5,2,4,2,1,6,1,1,3,1,2,5,2,58,6,1,1400,0,3
"79639",79639,840,2,4,1,4,2,1,4,1,1,1,1,2,10,1,28,7,1,1400,62,1
"79640",79640,840,2,2,4,2,2,3,3,2,1,2,1,1,10,2,33,7,1,1400,53,3
"79641",79641,840,4,4,1,5,2,2,7,0,1,3,2,4,5,2,39,5,1,1400,0,1
"79642",79642,840,3,4,1,5,1,1,4,0,1,2,2,3,7,2,22,7,1,1400,0,6
"79643",79643,840,1,1,5,1,2,1,2,2,1,1,1,1,10,2,63,5,3,1400,62,1
"79644",79644,840,3,-2,-2,-2,2,-2,7,0,2,2,2,3,4,1,27,5,1,1400,0,1
"79645",79645,840,1,4,1,4,2,1,2,2,1,2,1,1,1,1,41,5,3,8001,53,6
"79646",79646,840,2,4,4,4,2,1,2,2,1,1,1,1,10,2,27,6,5,1400,62,1
"79647",79647,840,2,5,1,5,2,1,7,0,2,1,2,4,1,1,44,7,1,1400,42,6
"79648",79648,840,1,2,2,2,2,1,2,2,1,2,1,2,10,1,56,5,4,200,53,1
"79649",79649,840,1,2,2,2,2,1,5,1,1,2,1,1,10,1,49,5,3,1400,0,1
"79650",79650,840,2,4,2,4,2,1,2,2,1,1,1,2,9,2,32,8,5,1400,64,1
"79651",79651,840,1,4,1,4,2,1,3,0,1,1,2,2,10,1,46,8,1,8000,49,1
"79652",79652,840,1,2,4,2,2,2,2,2,1,1,1,1,10,1,57,7,1,1400,53,1
"79653",79653,840,3,5,1,5,2,2,7,0,1,1,2,4,5,2,54,6,2,1400,0,1
"79654",79654,840,2,5,5,4,2,2,5,1,1,1,1,2,10,1,58,9,3,200,62,1
"79655",79655,840,2,4,1,4,2,3,3,2,2,2,1,2,5,1,51,7,1,1400,64,1
"79656",79656,840,3,5,4,5,2,4,4,1,1,1,1,2,10,2,55,7,1,1400,62,1
"79657",79657,840,2,2,4,2,2,1,2,2,1,1,1,1,10,1,25,6,3,1400,53,1
"79658",79658,840,2,4,2,2,2,1,4,1,1,2,2,2,10,2,42,7,1,8001,53,3
"79659",79659,840,3,4,4,4,1,2,6,0,1,3,3,4,3,1,46,4,1,1250,0,3
"79660",79660,840,2,2,2,2,2,5,3,2,2,2,1,3,10,2,30,5,1,200,0,4
"79661",79661,840,2,4,4,4,2,1,7,0,1,1,2,3,7,2,33,7,5,1400,0,1
"79662",79662,840,2,4,4,4,1,4,3,2,1,1,1,2,10,2,72,4,4,1250,64,1
"79663",79663,840,3,4,4,4,2,7,4,2,1,1,1,2,10,1,28,4,1,1400,0,1
"79664",79664,840,3,5,2,4,1,1,7,0,1,1,1,3,10,2,58,3,1,1400,0,1
"79665",79665,840,3,4,4,4,1,2,3,0,1,2,1,1,5,2,28,3,7,1250,64,6
"79666",79666,840,2,2,1,2,2,2,1,0,1,1,1,1,10,1,56,6,8,8001,62,1
"79667",79667,840,2,1,2,2,2,1,1,2,1,1,1,1,10,2,45,4,1,200,53,3
"79668",79668,840,3,4,1,2,2,1,4,1,1,4,1,1,10,2,24,6,1,1250,64,6
"79669",79669,840,1,-5,-5,-5,2,-5,-5,2,-5,-5,-5,1,-5,2,48,4,8,1250,-5,6
"79670",79670,840,2,2,4,1,2,1,4,0,1,2,1,1,10,1,79,7,4,1400,62,3
"79671",79671,840,3,-2,4,4,1,1,7,0,2,2,1,3,8,1,48,4,1,1400,0,1
"79672",79672,840,2,4,4,4,1,5,5,1,2,2,2,2,5,1,32,5,1,1250,64,1
"79673",79673,840,1,4,2,4,2,1,7,0,1,2,1,2,10,2,22,5,1,200,53,6
"79674",79674,840,2,4,2,4,2,1,7,0,2,3,2,3,7,1,70,5,4,1400,64,1
"79675",79675,840,3,5,1,4,2,1,7,0,1,2,2,3,9,1,56,7,1,1400,0,1
"79676",79676,840,3,5,1,5,2,3,3,1,2,3,2,3,3,1,22,6,1,1400,53,6
"79677",79677,840,2,4,2,4,1,2,5,1,1,1,1,3,6,1,47,5,8,1250,64,4
"79678",79678,840,2,4,2,2,2,1,7,0,1,2,1,3,9,2,26,6,5,1400,0,3
"79679",79679,840,2,1,2,2,2,1,2,2,1,1,1,2,10,2,63,9,8,1400,62,3
"79680",79680,840,3,2,2,2,2,5,7,0,1,2,2,2,5,1,48,6,1,1250,53,3
"79681",79681,840,1,4,4,4,2,1,3,1,1,1,1,2,8,2,29,8,1,1400,62,6
"79682",79682,840,3,4,4,4,2,4,4,0,2,3,2,4,1,1,25,4,1,1400,0,1
"79683",79683,840,2,5,1,5,1,1,7,0,2,3,2,2,1,1,50,8,1,8000,0,4
"79684",79684,840,3,4,4,4,1,1,3,1,1,1,1,2,9,2,84,6,4,1400,62,3
"79685",79685,840,3,5,1,5,2,2,2,2,1,2,1,2,9,1,42,9,1,1400,62,1
"79686",79686,840,-5,-5,-5,-5,-5,-5,-5,1,-5,-5,-5,1,-5,2,45,4,8,200,-5,6
"79687",79687,840,-5,-5,-5,-5,-2,-5,-5,-2,-5,-5,-5,-2,-5,2,56,4,4,1400,-5,1
"79688",79688,840,2,2,2,1,2,-5,6,1,1,1,1,1,10,2,46,3,1,1250,0,6
"79689",79689,840,2,1,1,1,2,1,4,1,1,4,1,1,10,2,51,5,5,8001,62,1
"79690",79690,840,4,5,1,5,2,1,7,0,2,2,3,4,1,2,39,7,3,1400,0,6
"79691",79691,840,2,-5,-5,-5,2,-5,-5,1,-5,-5,-5,2,-5,2,45,5,1,1400,-5,1
"79692",79692,840,3,2,2,4,2,1,5,1,1,3,1,2,10,2,25,5,1,1400,0,6
"79693",79693,840,3,4,4,4,2,2,7,1,1,2,1,2,6,1,71,5,4,1400,64,1
"79694",79694,840,2,4,4,4,2,1,7,0,2,2,1,3,5,1,42,5,1,1400,0,1
"79695",79695,840,1,2,4,2,2,1,2,2,1,2,1,2,8,1,56,8,1,1400,64,6
"79696",79696,840,2,1,4,2,2,1,7,0,1,1,1,1,10,2,26,4,8,1400,53,6
"79697",79697,840,3,4,4,5,1,1,7,0,1,2,2,3,1,2,23,6,1,200,53,6
"79698",79698,840,2,5,1,5,2,4,3,1,1,2,1,2,9,1,44,8,1,1400,62,1
"79699",79699,840,4,5,1,5,2,1,7,0,1,2,1,4,6,1,53,5,1,1400,0,1
"79700",79700,840,1,4,4,4,2,1,6,1,1,2,1,2,10,2,63,6,1,1400,62,1
"79701",79701,840,1,5,5,5,2,1,3,2,1,2,1,2,9,2,34,9,1,1400,64,6
"79702",79702,840,3,4,2,4,2,1,6,0,1,2,1,3,7,2,55,5,1,1400,0,1
"79703",79703,840,2,5,4,4,2,2,3,2,1,2,1,2,8,1,38,8,8,1400,62,1
"79704",79704,840,3,4,2,2,1,5,6,0,1,2,2,3,6,1,24,5,1,1400,0,6
"79705",79705,840,3,1,1,4,2,2,7,0,1,2,2,2,8,1,59,5,8,200,0,6
"79706",79706,840,-5,-5,-5,-5,-5,-5,-5,-5,-5,-5,-5,1,-5,2,32,4,1,1400,-5,1
"79707",79707,840,2,2,4,1,2,1,5,1,1,1,1,2,10,2,59,5,3,8001,53,3
"79708",79708,840,3,4,1,5,2,2,4,1,1,2,1,2,7,2,32,7,1,1400,62,1
"79709",79709,840,3,5,2,1,2,1,7,0,2,3,2,3,3,1,28,7,1,1400,0,1
"79710",79710,840,2,4,4,4,2,1,5,2,1,2,1,1,10,2,45,5,1,1400,64,1
"79711",79711,840,2,4,4,4,2,1,2,2,1,2,1,1,10,1,62,8,4,1250,62,1
"79712",79712,840,-5,-5,-5,-5,2,-5,-5,0,-5,-5,-5,3,-5,1,25,5,1,1250,-5,1
"79713",79713,840,3,2,1,4,2,1,7,1,1,2,1,3,8,1,58,6,4,1400,0,6
"79714",79714,840,1,4,1,2,2,1,2,2,1,1,1,1,10,2,51,5,3,1400,62,3
"79715",79715,840,1,4,5,2,2,1,1,2,1,3,1,1,10,1,37,7,1,200,53,4
"79716",79716,840,-5,-5,-5,-5,-5,-5,-5,2,-5,-5,-5,1,-5,2,28,6,1,1250,-5,6
"79717",79717,840,1,1,5,1,2,1,1,2,1,1,1,1,10,2,28,6,1,200,53,6
"79718",79718,840,3,4,1,1,2,1,7,0,2,2,2,-2,2,1,60,6,4,1400,0,1
"79719",79719,840,1,2,4,2,2,1,2,2,1,2,1,1,10,1,70,6,4,1400,62,1
"79720",79720,840,2,5,4,2,2,10,4,1,1,3,2,4,8,1,41,5,3,1400,64,1
"79721",79721,840,1,4,1,2,2,1,3,2,1,3,1,1,10,2,51,5,8,8001,53,3
"79722",79722,840,1,2,4,2,2,1,3,0,1,1,1,2,10,1,51,5,1,1250,64,6
"79723",79723,840,2,5,1,5,2,1,1,2,1,1,1,1,10,2,27,7,1,200,62,1
"79724",79724,840,1,2,5,1,2,1,2,2,1,1,1,1,9,2,25,7,1,1400,62,6
"79725",79725,840,2,4,1,5,2,4,7,0,1,1,2,3,5,1,38,4,1,1400,0,1
"79726",79726,840,1,1,2,1,2,1,1,2,1,3,1,1,10,1,60,5,1,1400,62,1
"79727",79727,840,2,4,5,5,2,1,6,0,2,3,1,2,9,1,55,4,4,8001,0,1
"79728",79728,840,-5,-5,-5,-5,2,-5,-5,1,-5,-5,-5,2,-5,2,36,7,1,1400,-5,1
"79729",79729,840,2,4,2,2,2,1,3,1,1,1,1,1,10,2,34,6,8,1250,64,1
"79730",79730,840,1,2,5,2,2,1,1,1,1,1,1,1,10,2,32,4,1,1400,62,3
"79731",79731,840,2,4,2,2,2,2,2,2,1,1,1,1,9,1,35,8,1,200,64,1
"79732",79732,840,1,2,4,2,2,2,1,2,1,1,1,1,10,2,64,6,1,1400,64,3
"79733",79733,840,2,1,5,1,2,1,1,2,1,1,1,1,10,2,40,4,8,200,53,6
"79734",79734,840,3,5,5,5,2,5,7,0,1,1,1,2,6,2,34,7,1,1400,42,1
"79735",79735,840,2,1,5,1,2,2,2,2,1,1,1,1,10,1,43,3,1,1250,53,3
"79736",79736,840,1,5,1,5,2,1,3,2,1,2,1,2,10,1,27,7,1,1400,64,1
"79737",79737,840,1,1,4,2,2,1,2,2,1,2,2,1,10,2,41,5,5,1400,0,1
"79738",79738,840,3,4,2,4,2,1,3,2,1,3,1,2,7,1,45,7,1,1400,64,1
"79739",79739,840,-2,4,5,4,2,1,1,2,1,1,1,1,10,1,59,4,1,200,0,1
"79740",79740,840,2,4,4,4,1,1,7,0,1,2,1,3,10,2,28,5,8,1250,64,6
"79741",79741,840,2,4,5,1,2,1,1,2,1,1,1,1,10,2,75,5,1,1400,62,3
"79742",79742,840,3,5,1,5,2,5,4,0,1,3,2,3,3,1,50,6,7,1250,64,6
"79743",79743,840,3,2,4,4,2,1,6,1,1,2,2,2,8,1,47,5,3,1400,0,1
"79744",79744,840,1,1,5,1,2,1,2,2,1,2,1,1,10,2,40,5,1,1400,53,1
"79745",79745,840,3,4,1,4,2,1,6,0,1,2,2,3,6,2,57,5,1,1400,0,3
"79746",79746,840,2,4,1,5,2,4,7,0,1,2,1,3,10,2,58,7,8,1400,64,3
"79747",79747,840,3,4,1,4,1,1,3,2,1,2,1,2,10,2,44,6,1,1250,64,6
"79748",79748,840,-5,-5,-5,-5,-5,-5,-5,-5,-5,-5,-5,1,-5,2,18,4,1,200,-5,6
"79749",79749,840,2,2,5,1,2,1,2,2,1,2,1,1,10,1,32,7,1,1400,62,1
"79750",79750,840,2,5,2,5,2,1,7,1,2,3,2,3,5,1,56,6,8,1400,0,1
"79751",79751,840,2,5,5,5,1,5,6,0,1,3,1,3,7,2,40,9,3,200,62,3
"79752",79752,840,1,5,1,5,1,1,6,0,1,1,1,1,10,2,21,4,1,1250,0,6
"79753",79753,840,1,4,2,1,2,1,6,2,1,1,1,1,10,2,47,5,4,200,53,6
"79754",79754,840,2,-2,-2,-2,1,2,7,0,1,-2,1,3,-2,2,23,7,1,1400,0,6
"79755",79755,840,2,5,1,5,2,1,-2,1,2,3,1,1,-2,1,62,4,1,1250,64,3
"79756",79756,840,2,4,4,2,2,1,2,2,1,1,1,1,10,1,26,7,8,1400,53,1
"79757",79757,840,2,5,4,4,2,1,3,2,1,3,1,2,9,2,50,6,1,200,53,1
"79758",79758,840,2,4,4,4,2,5,5,0,2,1,2,2,4,2,35,6,1,1400,0,1
"79759",79759,840,2,4,4,2,2,1,1,2,1,1,1,1,10,2,70,6,4,1400,62,5
"79760",79760,840,2,4,4,4,2,1,4,2,1,2,1,2,8,1,40,7,3,1400,42,1
"79761",79761,840,1,4,2,4,2,1,2,2,1,2,1,1,10,2,68,6,5,1400,62,1
"79762",79762,840,2,4,1,5,2,3,3,0,1,2,1,3,3,1,53,8,3,1400,12,3
"79763",79763,840,-5,-5,-5,-5,-5,-5,-5,1,-5,-5,-5,2,-5,2,61,7,4,1400,-5,1
"79764",79764,840,2,4,4,4,1,2,6,1,1,2,1,2,7,1,52,5,1,1400,62,3
"79765",79765,840,2,5,5,5,2,1,2,2,1,2,2,3,6,1,21,6,1,1400,0,6
"79766",79766,840,1,4,2,4,2,2,2,2,1,1,1,1,10,2,39,7,5,1250,64,1
"79767",79767,840,2,1,2,1,2,1,2,2,1,2,1,1,10,2,46,5,3,200,53,1
"79768",79768,840,3,4,1,5,2,10,1,0,2,1,3,4,6,1,20,5,1,1400,0,6
"79769",79769,840,2,-5,-5,-5,2,-5,-5,0,-5,1,-5,1,-5,1,22,3,1,200,0,6
"79770",79770,840,1,5,5,5,1,1,2,0,2,1,1,3,1,2,47,4,8,1400,62,3
"79771",79771,840,2,-2,-2,-2,2,-2,-2,0,-2,-2,-2,1,-2,1,35,5,3,1400,-2,1
"79772",79772,840,4,4,4,4,1,5,7,1,2,4,2,1,5,1,38,5,8,1400,0,6
"79773",79773,840,1,4,2,2,2,1,2,2,1,2,1,1,10,1,74,4,4,1400,62,1
"79774",79774,840,1,2,1,1,2,1,2,2,1,2,1,1,10,1,60,6,4,1400,64,1
"79775",79775,840,4,4,4,4,2,5,6,1,2,3,2,2,6,2,19,4,5,1400,0,6
"79776",79776,840,2,2,5,2,2,1,1,2,1,1,1,1,10,2,71,5,1,1400,62,5
"79777",79777,840,3,1,4,4,2,1,7,2,1,2,1,1,10,1,37,7,1,1400,0,1
"79778",79778,840,4,5,1,5,2,10,7,0,2,1,3,4,1,1,43,4,8,8000,0,1
"79779",79779,840,3,4,4,4,2,5,7,0,1,1,2,1,10,2,49,4,5,1250,0,1
"79780",79780,840,-2,4,4,4,1,2,7,0,1,2,2,3,6,1,44,3,8,1400,0,1
"79781",79781,840,3,5,1,4,1,2,4,1,1,2,1,3,5,2,55,4,8,1400,64,1
"79782",79782,840,1,4,2,2,2,1,2,2,1,2,1,1,10,2,79,5,4,1400,64,5
"79783",79783,840,1,4,4,4,2,2,2,2,1,2,1,1,10,1,76,5,4,1400,64,1
"79784",79784,840,4,4,1,5,2,1,6,0,1,2,2,3,10,1,19,5,7,1250,0,6
"79785",79785,840,2,5,5,5,2,2,3,2,1,2,1,2,7,2,32,8,1,1400,42,1
"79786",79786,840,1,4,4,2,2,1,5,1,1,2,1,1,10,1,63,7,7,1400,62,3
"79787",79787,840,3,4,4,4,2,2,6,0,1,1,1,3,10,2,29,5,1,1400,0,1
"79788",79788,840,1,4,1,4,2,1,2,2,1,2,1,2,9,1,88,7,3,1400,64,1
"79789",79789,840,-2,4,4,4,2,1,3,1,1,1,1,1,5,2,29,6,1,1400,64,1
"79790",79790,840,2,4,2,2,2,1,2,2,1,2,1,2,9,1,33,5,3,1400,62,1
"79791",79791,840,2,4,2,4,2,1,2,2,1,2,1,1,10,2,58,6,1,1400,64,3
"79792",79792,840,2,4,4,4,1,1,2,2,1,2,1,1,10,1,38,6,3,1250,64,6
"79793",79793,840,2,5,1,5,2,1,2,2,1,1,1,1,10,2,50,7,8,1400,62,1
"79794",79794,840,3,5,1,5,2,3,7,0,1,2,2,2,8,2,38,5,5,1400,0,1
"79795",79795,840,2,1,4,2,2,1,1,2,1,1,1,1,10,1,34,5,1,1400,62,1
"79796",79796,840,2,1,-2,-2,2,1,2,2,1,1,1,1,10,2,50,5,1,1400,62,3
"79797",79797,840,4,5,1,5,2,1,7,0,1,1,3,4,1,1,41,9,3,1400,0,1
"79798",79798,840,1,4,4,4,2,1,1,2,1,2,1,1,9,1,18,6,1,1400,64,6
"79799",79799,840,3,4,1,4,2,1,7,0,1,2,1,2,8,1,50,6,1,1400,64,1
"79800",79800,840,2,5,4,4,2,7,2,0,2,2,2,3,5,1,18,6,8,8000,0,6
"79801",79801,840,3,2,4,2,1,1,7,1,1,3,1,1,10,1,40,5,3,1400,53,6
"79802",79802,840,1,1,4,1,2,1,2,2,1,1,1,1,10,1,51,5,1,1400,64,3
"79803",79803,840,2,4,5,4,2,1,6,0,1,2,1,2,10,1,51,7,1,1400,62,1
"79804",79804,840,2,4,2,4,2,1,7,0,1,3,1,3,8,2,51,6,4,1400,0,1
"79805",79805,840,2,4,2,4,1,1,2,1,1,1,1,1,10,2,30,6,8,1400,62,6
"79806",79806,840,1,1,2,1,2,1,1,2,1,2,1,1,9,1,37,7,1,8000,62,1
"79807",79807,840,2,4,4,-2,2,4,7,0,1,3,2,3,8,1,33,4,1,8000,0,1
"79808",79808,840,2,2,4,2,2,3,5,0,1,2,1,1,10,1,18,6,8,1400,53,6
"79809",79809,840,4,5,1,5,1,2,7,0,1,1,2,4,1,2,44,7,1,1400,0,6
"79810",79810,840,3,4,2,4,2,2,2,2,1,2,2,2,10,2,39,6,1,1250,64,1
"79811",79811,840,2,4,4,4,2,6,2,1,1,2,1,1,9,2,65,5,5,1250,64,1
"79812",79812,840,3,5,1,5,2,1,4,1,1,1,1,3,8,2,32,8,1,1400,52,1
"79813",79813,840,2,4,4,4,2,5,4,0,2,1,2,3,6,1,34,6,1,1400,64,1
"79814",79814,840,1,4,1,2,2,1,2,2,1,1,1,1,10,2,36,7,5,1400,53,1
"79815",79815,840,2,5,2,4,2,1,4,1,1,2,1,2,10,2,46,5,5,1400,62,1
"79816",79816,840,1,1,2,4,2,1,1,2,1,1,1,1,10,2,57,3,8,200,53,5
"79817",79817,840,4,4,4,4,2,1,1,2,1,1,1,1,10,2,43,4,1,1400,53,1
"79818",79818,840,3,5,4,4,2,1,4,1,1,3,1,3,8,1,35,5,1,1400,62,6
"79819",79819,840,1,1,2,1,2,1,1,2,1,2,1,1,10,2,64,5,4,1400,62,1
"79820",79820,840,3,-5,-5,-5,2,-5,-5,0,-5,-5,-5,4,-5,2,22,6,5,1400,-5,1
"79821",79821,840,2,4,4,4,2,1,1,2,1,1,1,1,10,2,18,6,7,1400,53,6
"79822",79822,840,2,4,1,5,1,1,2,2,1,1,1,2,10,1,31,5,1,1400,62,1
"79823",79823,840,3,4,4,1,2,1,6,1,1,1,2,2,10,1,61,7,1,1250,64,1
"79824",79824,840,1,2,2,2,1,1,2,2,1,2,1,1,10,2,19,6,1,1400,53,6
"79825",79825,840,3,5,1,5,2,5,7,1,2,4,2,3,5,2,38,5,1,1400,64,1
"79826",79826,840,3,4,4,4,2,1,6,1,1,1,1,3,10,2,43,5,8,200,0,6
"79827",79827,840,2,4,4,4,2,2,3,2,1,1,1,1,9,2,50,7,1,1400,62,3
"79828",79828,840,1,-5,-5,-5,1,-5,-5,2,-5,-5,-5,1,-5,2,31,7,1,1400,-5,1
"79829",79829,840,2,4,4,4,2,1,4,1,1,2,1,3,5,2,18,5,1,1400,64,6
"79830",79830,840,3,4,5,4,2,3,4,1,2,3,2,3,7,1,20,6,7,8000,53,6
"79831",79831,840,2,4,1,5,2,1,2,2,1,1,1,1,10,2,42,7,1,1400,62,1
"79832",79832,840,3,2,1,4,2,1,4,1,1,1,1,3,9,2,54,6,4,1400,0,1
"79833",79833,840,3,5,1,5,2,8,7,0,2,3,2,4,2,1,43,5,1,1400,64,1
"79834",79834,840,1,1,5,1,2,1,2,2,1,1,1,1,10,1,25,7,1,1400,62,1
"79835",79835,840,3,4,4,2,2,1,3,1,2,2,2,3,4,1,36,7,1,1400,64,1
"79836",79836,840,2,2,5,2,2,1,1,2,1,1,1,1,10,1,27,5,1,1400,53,1
"79837",79837,840,4,1,1,5,2,1,2,0,2,1,1,1,10,1,53,3,1,1250,0,1
"79838",79838,840,2,4,4,4,2,5,4,1,1,2,1,2,9,1,35,5,3,1400,64,6
"79839",79839,840,1,1,1,2,-2,-5,2,2,2,1,1,3,7,1,76,8,4,1250,0,1
"79840",79840,840,2,4,5,2,2,8,7,0,1,2,1,3,7,1,40,6,1,1400,0,6
"79841",79841,840,1,1,5,1,2,1,1,2,1,1,1,1,10,2,39,7,5,1400,62,1
"79842",79842,840,1,1,2,1,2,10,7,1,1,2,1,-2,6,1,51,4,8,8001,62,6
"79843",79843,840,4,5,2,5,2,3,7,0,2,4,3,4,1,2,24,7,1,1400,0,6
"79844",79844,840,1,4,4,2,2,2,2,2,1,2,1,1,10,1,28,7,1,1400,53,1
"79845",79845,840,2,4,5,4,2,1,5,1,1,2,1,2,8,2,53,7,3,1400,62,1
"79846",79846,840,1,4,4,4,2,1,1,2,1,1,1,1,10,1,43,7,1,1400,62,1
"79847",79847,840,3,4,1,5,2,1,4,1,1,2,1,1,10,2,55,8,4,1400,42,1
"79848",79848,840,2,4,5,4,2,1,5,1,1,2,1,2,10,2,70,5,4,1250,62,1
"79849",79849,840,2,4,4,4,2,5,2,2,1,1,1,1,10,2,47,4,1,200,53,5
"79850",79850,840,2,1,1,1,2,1,2,2,1,2,1,1,10,2,67,4,4,1250,64,5
"79851",79851,840,1,1,4,1,2,-2,2,2,1,1,1,1,4,1,33,4,7,200,0,1
"79852",79852,840,2,4,2,2,2,1,6,0,1,2,2,2,5,2,46,4,8,8000,0,3
"79853",79853,840,3,2,4,2,2,1,2,2,1,1,1,2,10,1,32,7,1,1400,62,1
"79854",79854,840,2,4,4,1,2,1,3,2,1,2,1,1,10,1,43,5,3,8001,62,1
"79855",79855,840,2,5,5,2,2,1,2,2,1,1,1,1,10,1,46,8,1,1400,64,1
"79856",79856,840,3,-5,-5,-5,1,-5,-5,1,-5,-5,-5,3,-5,2,40,7,1,1400,-5,6
"79857",79857,840,2,1,1,2,2,1,2,2,1,1,1,1,10,1,42,5,3,1250,62,3
"79858",79858,840,3,4,1,5,2,3,4,0,1,1,1,2,10,2,56,9,3,1400,42,6
"79859",79859,840,2,4,4,2,2,1,3,2,1,2,1,1,10,2,66,6,4,1400,62,3
"79860",79860,840,2,4,1,4,2,1,7,1,1,2,1,2,9,1,42,3,1,1400,0,1
"79861",79861,840,1,4,5,2,2,1,3,0,1,1,1,1,10,1,54,4,7,8000,0,5
"79862",79862,840,3,4,4,4,2,1,6,0,1,1,3,3,3,1,31,5,1,200,0,6
"79863",79863,840,2,2,2,1,2,5,5,0,1,2,1,1,10,2,56,5,1,1400,0,1
"79864",79864,840,1,4,1,1,2,1,2,2,1,1,1,2,10,1,76,6,4,1400,62,1
"79865",79865,840,3,1,5,5,2,1,4,0,2,1,2,1,6,1,47,3,8,1400,64,3
"79866",79866,840,1,1,5,2,2,1,1,2,1,1,1,1,10,2,64,8,3,1400,64,6
"79867",79867,840,4,4,4,5,2,1,7,0,1,2,2,3,8,2,34,5,1,1400,0,3
"79868",79868,840,3,4,2,4,2,4,6,1,2,2,1,3,10,1,44,5,1,1400,64,1
"79869",79869,840,3,4,4,4,2,1,7,1,2,1,2,3,5,1,31,6,1,1400,62,1
"79870",79870,840,2,4,2,4,2,1,7,0,2,1,2,2,3,1,45,4,1,1400,64,1
"79871",79871,840,3,4,1,4,2,6,7,1,1,1,1,3,10,2,48,5,1,1400,64,1
"79872",79872,840,2,4,4,2,1,1,4,1,1,2,1,1,10,1,47,3,8,1400,62,1
"79873",79873,840,2,4,4,4,2,5,7,1,1,4,2,3,7,1,32,6,1,1400,0,1
"79874",79874,840,2,4,4,4,2,1,3,0,1,1,1,1,10,2,52,3,5,1250,64,1
"79875",79875,840,2,4,5,5,2,1,2,2,1,2,2,2,10,2,61,5,4,1250,64,6
"79876",79876,840,1,5,2,5,2,1,6,0,1,1,1,1,10,2,30,4,8,1400,0,3
"79877",79877,840,2,1,5,1,2,4,2,2,1,1,1,1,10,1,44,5,1,200,62,1
"79878",79878,840,2,4,5,5,2,1,2,2,1,1,1,1,10,2,42,7,1,1400,64,1
"79879",79879,840,3,5,1,4,2,5,7,0,1,2,1,2,10,2,31,5,7,1250,53,1
"79880",79880,840,1,2,2,2,2,1,5,1,1,1,2,2,6,2,21,6,1,1400,64,6
"79881",79881,840,3,5,1,4,2,1,7,0,1,1,1,3,8,2,46,5,1,1400,0,1
"79882",79882,840,4,5,-2,4,2,1,7,0,2,2,2,3,4,2,45,5,7,1400,0,3
"79883",79883,840,3,4,2,4,2,5,2,0,1,1,1,2,10,1,24,5,7,1250,64,1
"79884",79884,840,2,4,4,4,1,1,6,0,1,1,2,3,10,2,26,5,7,1400,0,6
"79885",79885,840,3,4,2,4,2,1,7,0,2,2,3,4,1,1,47,6,1,1400,0,1
"79886",79886,840,2,4,4,2,2,1,6,0,2,2,2,3,6,1,34,5,1,1400,0,1
"79887",79887,840,3,5,1,5,2,1,7,0,1,2,1,3,8,1,54,4,1,200,0,1
"79888",79888,840,3,5,1,5,2,1,7,0,1,2,2,4,6,2,49,7,1,1400,62,1
"79889",79889,840,1,1,2,2,2,1,1,2,1,1,1,1,10,2,71,5,5,1400,53,1
"79890",79890,840,1,4,4,4,2,1,2,2,1,2,1,1,10,2,78,4,4,1400,62,5
"79891",79891,840,2,4,4,2,2,1,7,1,1,2,1,-2,10,2,33,5,8,1400,0,4
"79892",79892,840,2,1,4,2,2,1,6,1,1,1,1,1,10,2,45,7,8,200,64,6
"79893",79893,840,1,4,4,1,2,1,2,2,1,1,1,1,10,2,27,7,5,1400,62,1
"79894",79894,840,3,4,1,1,2,1,4,1,2,2,2,4,5,1,54,7,1,1400,62,1
"79895",79895,840,2,4,4,2,2,2,2,2,1,1,1,1,10,2,50,8,1,1400,62,1
"79896",79896,840,3,1,1,2,2,1,7,0,1,1,1,2,10,2,43,5,5,1400,53,1
"79897",79897,840,1,4,5,2,2,1,5,0,1,1,1,1,1,2,37,5,1,1250,53,3
"79898",79898,840,2,4,2,2,2,1,4,1,1,1,1,2,10,2,58,6,1,1400,64,5
"79899",79899,840,1,1,4,1,2,3,3,1,1,2,1,1,10,1,35,4,1,1400,53,1
"79900",79900,840,2,2,2,2,2,1,3,0,1,1,1,1,10,2,49,4,1,1400,0,1
"79901",79901,840,3,4,1,1,2,1,7,0,2,2,2,4,3,1,75,5,4,1400,0,5
"79902",79902,840,2,4,4,4,2,1,7,0,2,2,3,4,8,2,40,7,3,1400,0,1
"79903",79903,840,2,5,2,4,2,1,4,1,1,4,1,2,9,1,34,7,1,1400,62,1
"79904",79904,840,2,4,1,5,2,1,6,0,1,2,1,1,10,2,68,5,4,1400,64,1
"79905",79905,840,2,1,5,1,2,1,2,2,1,1,1,1,10,1,56,6,1,200,62,6
"79906",79906,840,3,1,1,1,2,1,7,1,1,2,2,1,9,1,64,5,4,1400,62,1
"79907",79907,840,2,4,4,1,2,1,3,1,1,2,1,1,10,2,18,4,5,1400,62,1
"79908",79908,840,4,5,1,5,1,5,3,1,2,1,3,3,1,2,82,6,4,1400,42,3
"79909",79909,840,1,2,5,1,2,1,1,1,1,2,1,1,10,1,27,7,1,1400,53,1
"79910",79910,840,1,1,5,1,2,1,1,2,1,1,1,1,10,1,69,5,4,1400,62,1
"79911",79911,840,2,5,4,2,2,1,2,2,1,3,1,1,9,2,30,7,5,1400,62,1
"79912",79912,840,3,4,1,5,1,1,7,0,2,2,2,3,5,1,46,5,3,1400,0,6
"79913",79913,840,3,4,4,4,2,1,3,1,2,1,1,2,9,2,37,5,3,1400,0,1
"79914",79914,840,2,1,1,1,2,1,7,0,1,3,1,1,10,1,50,6,3,1400,62,1
"79915",79915,840,3,2,2,2,2,1,7,1,1,1,1,1,10,2,55,6,1,1400,64,3
"79916",79916,840,3,4,4,4,2,5,5,1,1,1,2,3,10,1,30,5,1,200,0,1
"79917",79917,840,2,4,2,5,1,1,6,1,1,1,1,2,8,1,43,7,1,1400,64,1
"79918",79918,840,4,5,1,5,1,1,7,0,1,2,2,3,2,1,33,9,1,1400,0,6
"79919",79919,840,2,4,4,1,2,1,2,2,1,1,1,1,10,1,41,7,1,1400,64,1
"79920",79920,840,2,5,4,4,2,1,2,2,1,1,1,1,10,2,21,6,3,1400,53,6
"79921",79921,840,3,1,2,1,2,1,3,1,1,1,1,1,10,1,42,5,8,1400,53,6
"79922",79922,840,2,1,5,2,1,1,2,2,1,1,1,1,10,2,29,6,1,1400,53,6
"79923",79923,840,2,1,2,1,2,1,4,1,1,1,1,1,10,1,51,5,8,1400,0,1
"79924",79924,840,2,2,2,4,2,1,2,2,1,1,1,1,10,1,75,4,4,8001,62,1
"79925",79925,840,2,2,2,2,2,1,2,2,1,1,1,1,10,1,35,4,1,200,0,1
"79926",79926,840,1,1,1,1,1,1,4,1,1,2,2,1,7,2,26,5,5,1250,64,1
"79927",79927,840,2,2,1,5,2,1,6,1,1,2,1,1,10,1,40,7,1,1250,64,1
"79928",79928,840,2,4,4,2,2,1,3,1,1,1,1,1,10,1,47,5,1,1250,53,3
"79929",79929,840,-5,-5,-5,-5,-5,-5,-5,-5,-5,-5,-5,2,-5,1,50,7,3,1400,-5,1
"79930",79930,840,2,4,2,4,2,1,5,1,1,1,1,2,10,2,23,6,1,1250,64,6
"79931",79931,840,2,4,1,5,2,1,5,1,1,3,1,1,10,1,82,5,4,1400,62,1
"79932",79932,840,3,5,4,4,2,1,2,2,1,2,1,1,9,2,72,6,4,1400,62,5
"79933",79933,840,4,5,1,5,2,2,7,0,2,4,3,4,1,2,22,5,1,1400,0,1
"79934",79934,840,3,4,2,4,2,4,4,1,1,2,1,2,7,2,41,6,5,1400,64,1
"79935",79935,840,2,4,1,4,2,1,2,2,1,2,1,1,10,2,59,9,1,1400,62,3
"79936",79936,840,2,5,5,5,2,1,2,0,1,1,1,1,10,2,59,5,5,1250,64,1
"79937",79937,840,2,5,1,1,2,10,1,2,1,1,1,1,10,2,55,4,8,200,0,3
"79938",79938,840,4,5,1,5,2,2,7,0,1,1,2,3,2,1,28,8,1,1250,0,6
"79939",79939,840,4,5,5,5,2,1,7,0,2,2,2,4,1,1,34,6,1,1400,0,1
"79940",79940,840,3,1,4,4,2,4,3,0,1,1,2,2,8,2,22,4,7,200,53,6
"79941",79941,840,1,4,2,4,2,1,7,0,1,1,1,1,10,2,71,5,4,1400,62,6
"79942",79942,840,2,4,4,2,2,1,3,1,1,3,1,2,8,1,33,8,1,1400,64,1
"79943",79943,840,3,5,1,5,2,1,6,0,2,3,2,3,4,1,21,6,1,1400,62,6
"79944",79944,840,1,4,5,2,2,3,1,2,1,1,1,1,10,1,55,8,1,1400,62,1
"79945",79945,840,2,4,2,5,2,1,2,2,1,1,1,1,9,1,53,7,3,1400,42,1
"79946",79946,840,1,1,5,1,2,1,2,2,1,1,1,1,10,1,54,4,1,1250,0,1
"79947",79947,840,4,4,1,5,2,1,2,2,1,1,1,1,10,2,44,5,5,1400,53,6
"79948",79948,840,1,1,2,2,2,1,1,2,1,1,1,1,10,2,56,3,8,200,-2,4
"79949",79949,840,-2,4,1,4,1,6,2,1,-2,-2,2,1,-2,1,35,8,1,1400,62,1
"79950",79950,840,2,1,5,1,2,1,2,2,1,2,1,1,10,2,27,6,5,1400,53,1
"79951",79951,840,3,2,5,2,2,1,2,2,1,1,1,1,10,1,34,8,1,1400,62,1
"79952",79952,840,1,1,2,1,2,1,2,2,1,1,1,1,10,1,53,6,1,1400,64,1
"79953",79953,840,1,4,1,4,1,1,2,2,1,3,1,1,10,2,48,3,8,1250,64,1
"79954",79954,840,1,2,2,2,1,5,4,1,1,1,1,2,5,2,27,5,1,1250,0,1
"79955",79955,840,2,4,2,2,2,1,6,0,1,2,1,1,10,2,49,6,8,200,53,6
"79956",79956,840,4,5,5,5,1,10,1,0,1,1,1,1,10,2,22,6,8,200,0,6
"79957",79957,840,1,4,4,4,2,1,2,2,1,1,1,1,10,2,24,7,1,8000,53,1
"79958",79958,840,1,4,2,2,2,7,7,1,1,2,2,3,8,1,26,6,1,200,0,1
"79959",79959,840,3,4,1,5,2,1,2,2,1,1,1,2,10,2,34,7,5,1400,53,1
"79960",79960,840,2,2,2,2,2,1,6,2,1,2,1,1,9,1,41,4,3,1250,62,6
"79961",79961,840,1,-5,-5,-5,2,-5,-5,2,-5,-5,-5,1,-5,2,27,5,7,8001,-5,6
"79962",79962,840,-2,-2,-2,-2,2,-2,7,0,-2,4,-2,4,-2,1,25,7,1,1400,0,1
"79963",79963,840,3,4,4,4,1,1,1,2,1,1,1,1,10,2,18,5,1,1400,0,6
"79964",79964,840,1,4,5,1,2,1,1,2,1,1,1,1,10,1,30,5,1,200,53,1
"79965",79965,840,3,2,2,2,2,1,6,0,1,2,1,2,9,2,68,4,1,1400,0,3
"79966",79966,840,-5,-5,-5,-5,-5,-5,-5,-5,-5,-5,-5,1,-5,2,26,6,1,200,-5,1
"79967",79967,840,2,1,2,2,2,1,1,2,1,2,1,1,10,1,62,6,8,8001,62,1
"79968",79968,840,2,4,4,-2,2,1,2,2,1,1,1,2,9,1,53,7,1,1400,64,3
"79969",79969,840,2,1,5,1,2,1,3,2,1,1,1,1,10,2,37,7,1,1400,62,1
"79970",79970,840,-5,-5,-5,-5,-5,-5,-5,-5,-5,-5,-5,1,-5,2,83,5,4,200,-5,5
"79971",79971,840,1,1,5,1,2,1,6,1,1,1,1,1,10,2,39,6,5,1400,62,1
"79972",79972,840,2,4,4,4,2,6,2,2,1,1,1,2,10,2,31,4,5,200,53,1
"79973",79973,840,2,2,4,4,2,2,6,1,1,2,1,2,9,1,41,5,1,1400,53,1
"79974",79974,840,1,4,4,4,2,3,3,2,1,2,1,1,10,1,26,6,1,1400,64,6
"79975",79975,840,2,1,5,1,2,1,1,2,1,2,1,1,10,1,31,6,1,1400,62,1
"79976",79976,840,3,5,1,5,2,1,2,2,2,1,2,3,3,1,76,9,4,1400,64,1
"79977",79977,840,1,2,5,2,2,1,2,1,1,1,1,1,10,1,40,8,1,1400,62,1
"79978",79978,840,3,2,4,4,1,1,7,0,1,3,2,4,6,2,76,3,5,1400,62,5
"79979",79979,840,3,2,1,5,2,1,7,0,1,2,1,3,7,2,51,7,4,1400,64,1
"79980",79980,840,4,-5,-5,-5,2,-5,-5,0,-5,-5,-5,4,-5,1,46,5,3,1400,-5,6
